date,index,division,year
1960-01-01,21.3092412797334,overall,1960
1961-01-01,21.2707977630436,overall,1961
1962-01-01,21.2938638731113,overall,1962
1963-01-01,21.9550923595525,overall,1963
1964-01-01,21.8666722711776,overall,1964
1965-01-01,21.8436061611484,overall,1965
1966-01-01,22.0550455027883,overall,1966
1967-01-01,23.0641878148471,overall,1967
1968-01-01,23.0276664740477,overall,1968
1969-01-01,22.9334798581942,overall,1969
1970-01-01,23.3563585414548,overall,1970
1971-01-01,23.7331050045995,overall,1971
1972-01-01,24.5000531617548,overall,1972
1973-01-01,27.0873018323506,overall,1973
1974-01-01,31.781255215535,overall,1974
1975-01-01,33.2075096832608,overall,1975
1976-01-01,34.0820996870785,overall,1976
1977-01-01,35.7140269689273,overall,1977
1978-01-01,37.4497517457152,overall,1978
1979-01-01,38.8183409385794,overall,1979
1980-01-01,41.4094339608595,overall,1980
1981-01-01,45.4261490550629,overall,1981
1982-01-01,48.0694512559551,overall,1982
1983-01-01,49.8500569163408,overall,1983
1984-01-01,51.7928495263723,overall,1984
1985-01-01,51.9722904068005,overall,1985
1986-01-01,52.3553276711112,overall,1986
1987-01-01,52.5071622623698,overall,1987
1988-01-01,53.8495180799345,overall,1988
1989-01-01,55.3644132056691,overall,1989
1990-01-01,56.8137433942992,overall,1990
1991-01-01,59.2898757105672,overall,1991
1992-01-01,62.1163594444336,overall,1992
1993-01-01,64.3131575223467,overall,1993
1994-01-01,66.7088037021399,overall,1994
1995-01-01,69.0106410694247,overall,1995
1996-01-01,71.4181183158851,overall,1996
1997-01-01,73.3196361410336,overall,1997
1998-01-01,77.1838317213788,overall,1998
1999-01-01,79.302189298518,overall,1999
2000-01-01,80.55,overall,2000
2001-01-01,81.68333333333334,overall,2001
2002-01-01,83.14999999999999,overall,2002
2003-01-01,84.05833333333334,overall,2003
2004-01-01,85.24166666666666,overall,2004
2005-01-01,87.77499999999999,overall,2005
2006-01-01,90.95,overall,2006
2007-01-01,92.80833333333334,overall,2007
2008-01-01,97.84166666666664,overall,2008
2009-01-01,98.425,overall,2009
2010-01-01,100.01666666666668,overall,2010
2011-01-01,103.2,overall,2011
2012-01-01,104.90833333333336,overall,2012
2013-01-01,107.11666666666667,overall,2013
2014-01-01,110.48333333333332,overall,2014
2015-01-01,112.80833333333334,overall,2015
2016-01-01,115.15,overall,2016
2017-01-01,119.525,overall,2017
2018-01-01,120.68333333333334,overall,2018
2019-01-01,121.48333333333332,overall,2019
2020-01-01,120.1,overall,2020
2021-01-01,123.075,overall,2021
2022-01-01,127.23333333333332,overall,2022
2023-01-01,130.4,overall,2023
2024-01-01,132.79166666666666,overall,2024
1980-01-01,33.793185438162496,01,1980
1981-01-01,37.63129782773426,01,1981
1982-01-01,40.75339521372554,01,1982
1983-01-01,41.12040802066869,01,1983
1984-01-01,42.63718927351399,01,1984
1985-01-01,41.5864731879388,01,1985
1986-01-01,41.71419995436277,01,1986
1987-01-01,41.16543349919101,01,1987
1988-01-01,42.69758074292004,01,1988
1989-01-01,44.32014495007693,01,1989
1990-01-01,46.06591857478395,01,1990
1991-01-01,48.31469904825983,01,1991
1992-01-01,51.45497394245477,01,1992
1993-01-01,52.62331158499208,01,1993
1994-01-01,55.422287689823264,01,1994
1995-01-01,58.11450547215782,01,1995
1996-01-01,61.4853264906021,01,1996
1997-01-01,63.97986048269608,01,1997
1998-01-01,69.68277004185225,01,1998
1999-01-01,72.92074581261713,01,1999
2000-01-01,74.325,01,2000
2001-01-01,74.825,01,2001
2002-01-01,75.35833333333333,01,2002
2003-01-01,76.36666666666666,01,2003
2004-01-01,78.05,01,2004
2005-01-01,80.89166666666667,01,2005
2006-01-01,83.59166666666667,01,2006
2007-01-01,86.14999999999999,01,2007
2008-01-01,93.76666666666668,01,2008
2009-01-01,97.65,01,2009
2010-01-01,99.99166666666667,01,2010
2011-01-01,104.8,01,2011
2012-01-01,107.61666666666667,01,2012
2013-01-01,111.45,01,2013
2014-01-01,115.175,01,2014
2015-01-01,119.35833333333332,01,2015
2016-01-01,123.90833333333336,01,2016
2017-01-01,128.79999999999998,01,2017
2018-01-01,130.9,01,2018
2019-01-01,133.05833333333334,01,2019
2020-01-01,134.75,01,2020
2021-01-01,137.13333333333333,01,2021
2022-01-01,145.01666666666668,01,2022
2023-01-01,152.01666666666668,01,2023
2024-01-01,155.025,01,2024
1980-01-01,18.1608942750416,02,1980
1981-01-01,20.679728225381314,02,1981
1982-01-01,22.055601981619077,02,1982
1983-01-01,26.78541977179951,02,1983
1984-01-01,27.7330001438495,02,1984
1985-01-01,28.070730323022705,02,1985
1986-01-01,28.5253756330788,02,1986
1987-01-01,30.13673341568168,02,1987
1988-01-01,30.590549154996943,02,1988
1989-01-01,31.01310641572746,02,1989
1990-01-01,32.0673002847707,02,1990
1991-01-01,34.55513226813585,02,1991
1992-01-01,37.525887629851525,02,1992
1993-01-01,43.10278479745688,02,1993
1994-01-01,45.22055942392624,02,1994
1995-01-01,46.29075472382479,02,1995
1996-01-01,47.30838037707607,02,1996
1997-01-01,47.93025057846601,02,1997
1998-01-01,50.00522880820204,02,1998
1999-01-01,53.96009127124879,02,1999
2000-01-01,55.50833333333333,02,2000
2001-01-01,58.15833333333333,02,2001
2002-01-01,60.55,02,2002
2003-01-01,61.60833333333334,02,2003
2004-01-01,66.41666666666667,02,2004
2005-01-01,73.35833333333333,02,2005
2006-01-01,78.45,02,2006
2007-01-01,84.49166666666666,02,2007
2008-01-01,90.7,02,2008
2009-01-01,96.21666666666664,02,2009
2010-01-01,100.0,02,2010
2011-01-01,104.60833333333332,02,2011
2012-01-01,105.025,02,2012
2013-01-01,111.28333333333336,02,2013
2014-01-01,124.21666666666664,02,2014
2015-01-01,141.0,02,2015
2016-01-01,165.24166666666667,02,2016
2017-01-01,165.49166666666667,02,2017
2018-01-01,165.30833333333334,02,2018
2019-01-01,167.775,02,2019
2020-01-01,168.30833333333334,02,2020
2021-01-01,169.15833333333333,02,2021
2022-01-01,170.11666666666667,02,2022
2023-01-01,171.225,02,2023
2024-01-01,172.4,02,2024
1980-01-01,87.42939215104495,03,1980
1981-01-01,95.7522385546435,03,1981
1982-01-01,99.79910955194752,03,1982
1983-01-01,103.66216787639392,03,1983
1984-01-01,106.31632201181388,03,1984
1985-01-01,107.3745396983948,03,1985
1986-01-01,107.7542102197164,03,1986
1987-01-01,106.44885684997172,03,1987
1988-01-01,108.67653092632672,03,1988
1989-01-01,110.53661110682746,03,1989
1990-01-01,112.4291651289978,03,1990
1991-01-01,119.4265407826901,03,1991
1992-01-01,122.95422008151164,03,1992
1993-01-01,123.5685228156802,03,1993
1994-01-01,122.63836006962832,03,1994
1995-01-01,122.58777415487276,03,1995
1996-01-01,121.72931735672182,03,1996
1997-01-01,121.11618153505098,03,1997
1998-01-01,121.70925470759538,03,1998
1999-01-01,119.2055478930712,03,1999
2000-01-01,117.14166666666668,03,2000
2001-01-01,114.075,03,2001
2002-01-01,111.51666666666668,03,2002
2003-01-01,109.325,03,2003
2004-01-01,107.25833333333333,03,2004
2005-01-01,106.06666666666666,03,2005
2006-01-01,104.68333333333334,03,2006
2007-01-01,103.25,03,2007
2008-01-01,102.65833333333336,03,2008
2009-01-01,101.7,03,2009
2010-01-01,100.00833333333333,03,2010
2011-01-01,99.75833333333333,03,2011
2012-01-01,99.19166666666666,03,2012
2013-01-01,98.61666666666667,03,2013
2014-01-01,98.425,03,2014
2015-01-01,98.90833333333336,03,2015
2016-01-01,98.525,03,2016
2017-01-01,98.175,03,2017
2018-01-01,96.16666666666669,03,2018
2019-01-01,94.325,03,2019
2020-01-01,93.53333333333336,03,2020
2021-01-01,93.125,03,2021
2022-01-01,93.24166666666667,03,2022
2023-01-01,93.45833333333331,03,2023
2024-01-01,93.21666666666664,03,2024
1980-01-01,48.910056247394245,04,1980
1981-01-01,53.75647832910992,04,1981
1982-01-01,57.14451005306294,04,1982
1983-01-01,60.62859093556981,04,1983
1984-01-01,65.18634613434014,04,1984
1985-01-01,67.92518038261046,04,1985
1986-01-01,69.018943760482,04,1986
1987-01-01,67.99662800095385,04,1987
1988-01-01,66.6191766627098,04,1988
1989-01-01,66.0886602677558,04,1989
1990-01-01,66.32795754116086,04,1990
1991-01-01,68.33542435952879,04,1991
1992-01-01,70.80585751414235,04,1992
1993-01-01,73.30149367518915,04,1993
1994-01-01,75.0587286735089,04,1994
1995-01-01,77.58566514525873,04,1995
1996-01-01,80.04365665714931,04,1996
1997-01-01,82.65777174695997,04,1997
1998-01-01,86.21674959779173,04,1998
1999-01-01,87.59302056699727,04,1999
2000-01-01,88.875,04,2000
2001-01-01,90.10833333333332,04,2001
2002-01-01,90.725,04,2002
2003-01-01,91.59166666666664,04,2003
2004-01-01,92.43333333333334,04,2004
2005-01-01,93.4,04,2005
2006-01-01,94.85,04,2006
2007-01-01,96.06666666666666,04,2007
2008-01-01,97.575,04,2008
2009-01-01,98.91666666666669,04,2009
2010-01-01,100.00833333333333,04,2010
2011-01-01,101.775,04,2011
2012-01-01,103.39166666666668,04,2012
2013-01-01,105.23333333333332,04,2013
2014-01-01,108.8,04,2014
2015-01-01,111.45,04,2015
2016-01-01,114.175,04,2016
2017-01-01,116.70833333333331,04,2017
2018-01-01,119.025,04,2018
2019-01-01,121.25,04,2019
2020-01-01,119.15,04,2020
2021-01-01,121.025,04,2021
2022-01-01,123.21666666666664,04,2022
2023-01-01,125.25833333333333,04,2023
2024-01-01,129.025,04,2024
1980-01-01,60.69730621798985,05,1980
1981-01-01,64.60257542994498,05,1981
1982-01-01,66.504766847262,05,1982
1983-01-01,68.18937385964647,05,1983
1984-01-01,68.80662078647427,05,1984
1985-01-01,68.9735354142287,05,1985
1986-01-01,69.43356826728413,05,1986
1987-01-01,70.06087987845962,05,1987
1988-01-01,72.07866878992759,05,1988
1989-01-01,74.02634844476012,05,1989
1990-01-01,75.37694994889318,05,1990
1991-01-01,78.71118418932977,05,1991
1992-01-01,80.81892711014085,05,1992
1993-01-01,81.893367455037,05,1993
1994-01-01,83.18991587708662,05,1994
1995-01-01,85.48406748621414,05,1995
1996-01-01,86.4344153425926,05,1996
1997-01-01,86.55224908032572,05,1997
1998-01-01,89.88628497087076,05,1998
1999-01-01,91.08612789777072,05,1999
2000-01-01,91.1,05,2000
2001-01-01,91.23333333333332,05,2001
2002-01-01,90.775,05,2002
2003-01-01,90.34166666666664,05,2003
2004-01-01,90.65,05,2004
2005-01-01,91.825,05,2005
2006-01-01,92.84166666666664,05,2006
2007-01-01,93.85,05,2007
2008-01-01,96.64166666666668,05,2008
2009-01-01,99.56666666666666,05,2009
2010-01-01,99.94166666666666,05,2010
2011-01-01,101.75833333333333,05,2011
2012-01-01,103.78333333333336,05,2012
2013-01-01,105.425,05,2013
2014-01-01,106.53333333333336,05,2014
2015-01-01,109.38333333333333,05,2015
2016-01-01,111.95833333333331,05,2016
2017-01-01,114.4,05,2017
2018-01-01,114.83333333333331,05,2018
2019-01-01,116.44166666666666,05,2019
2020-01-01,116.71666666666664,05,2020
2021-01-01,118.61666666666667,05,2021
2022-01-01,122.81666666666666,05,2022
2023-01-01,125.60833333333332,05,2023
2024-01-01,126.54166666666669,05,2024
1980-01-01,38.90610648923441,06,1980
1981-01-01,42.40215633373904,06,1981
1982-01-01,44.505856825659095,06,1982
1983-01-01,50.56776613363324,06,1983
1984-01-01,51.16468618380629,06,1984
1985-01-01,52.35396038654534,06,1985
1986-01-01,53.15879976040991,06,1986
1987-01-01,53.02249987989577,06,1987
1988-01-01,53.806991018871166,06,1988
1989-01-01,54.698339775746085,06,1989
1990-01-01,56.14094230592977,06,1990
1991-01-01,59.12202498110719,06,1991
1992-01-01,61.19984989369581,06,1992
1993-01-01,64.31388651658543,06,1993
1994-01-01,66.49699019466338,06,1994
1995-01-01,68.53052246309005,06,1995
1996-01-01,71.0461217535181,06,1996
1997-01-01,73.62823330061532,06,1997
1998-01-01,78.17737992421954,06,1998
1999-01-01,80.55993023236329,06,1999
2000-01-01,82.21666666666667,06,2000
2001-01-01,84.60833333333333,06,2001
2002-01-01,86.61666666666667,06,2002
2003-01-01,88.13333333333333,06,2003
2004-01-01,89.325,06,2004
2005-01-01,91.0,06,2005
2006-01-01,92.99166666666667,06,2006
2007-01-01,94.375,06,2007
2008-01-01,96.48333333333332,06,2008
2009-01-01,98.625,06,2009
2010-01-01,100.01666666666668,06,2010
2011-01-01,102.73333333333332,06,2011
2012-01-01,104.81666666666666,06,2012
2013-01-01,106.81666666666666,06,2013
2014-01-01,109.88333333333333,06,2014
2015-01-01,114.75,06,2015
2016-01-01,117.9,06,2016
2017-01-01,120.91666666666669,06,2017
2018-01-01,121.88333333333333,06,2018
2019-01-01,122.65833333333336,06,2019
2020-01-01,124.1,06,2020
2021-01-01,124.64166666666668,06,2021
2022-01-01,125.525,06,2022
2023-01-01,128.18333333333334,06,2023
2024-01-01,130.48333333333332,06,2024
1980-01-01,37.78656216645892,07,1980
1981-01-01,40.75808541460109,07,1981
1982-01-01,42.12856294865555,07,1982
1983-01-01,43.151897071808285,07,1983
1984-01-01,45.31765750005584,07,1984
1985-01-01,46.30590194137368,07,1985
1986-01-01,46.49289426908582,07,1986
1987-01-01,47.94076958545789,07,1987
1988-01-01,51.17741890540699,07,1988
1989-01-01,54.6571551364983,07,1989
1990-01-01,57.38088033910519,07,1990
1991-01-01,59.796670386349,07,1991
1992-01-01,62.450745787894405,07,1992
1993-01-01,65.94812682211904,07,1993
1994-01-01,69.00106797285568,07,1994
1995-01-01,70.24839028157204,07,1995
1996-01-01,71.19808020984641,07,1996
1997-01-01,71.6119880559554,07,1997
1998-01-01,71.55467876531898,07,1998
1999-01-01,71.91047258064138,07,1999
2000-01-01,73.39166666666667,07,2000
2001-01-01,76.09166666666667,07,2001
2002-01-01,81.05833333333334,07,2002
2003-01-01,82.40833333333333,07,2003
2004-01-01,83.0,07,2004
2005-01-01,87.76666666666667,07,2005
2006-01-01,97.375,07,2006
2007-01-01,99.64166666666668,07,2007
2008-01-01,108.49166666666667,07,2008
2009-01-01,98.25,07,2009
2010-01-01,100.01666666666668,07,2010
2011-01-01,104.41666666666669,07,2011
2012-01-01,105.14166666666668,07,2012
2013-01-01,107.24166666666667,07,2013
2014-01-01,112.4,07,2014
2015-01-01,107.31666666666666,07,2015
2016-01-01,102.43333333333334,07,2016
2017-01-01,115.925,07,2017
2018-01-01,117.675,07,2018
2019-01-01,114.0,07,2019
2020-01-01,102.61666666666667,07,2020
2021-01-01,113.91666666666669,07,2021
2022-01-01,119.24166666666667,07,2022
2023-01-01,120.53333333333336,07,2023
2024-01-01,121.675,07,2024
2005-01-01,104.38333333333333,08,2005
2006-01-01,102.89166666666668,08,2006
2007-01-01,101.65,08,2007
2008-01-01,100.98333333333332,08,2008
2009-01-01,100.51666666666668,08,2009
2010-01-01,100.00833333333333,08,2010
2011-01-01,99.725,08,2011
2012-01-01,99.08333333333331,08,2012
2013-01-01,98.41666666666669,08,2013
2014-01-01,97.725,08,2014
2015-01-01,99.63333333333333,08,2015
2016-01-01,98.05,08,2016
2017-01-01,97.725,08,2017
2018-01-01,96.01666666666668,08,2018
2019-01-01,96.4,08,2019
2020-01-01,97.5,08,2020
2021-01-01,97.5,08,2021
2022-01-01,97.49166666666667,08,2022
2023-01-01,94.63333333333333,08,2023
2024-01-01,93.16666666666669,08,2024
1980-01-01,69.61976093130144,09,1980
1981-01-01,73.43107469452545,09,1981
1982-01-01,75.28874577161679,09,1982
1983-01-01,74.80744665479145,09,1983
1984-01-01,72.85937593247786,09,1984
1985-01-01,71.95316263003568,09,1985
1986-01-01,72.028469086681,09,1986
1987-01-01,74.20273912868467,09,1987
1988-01-01,75.37573530065374,09,1988
1989-01-01,75.80489857228582,09,1989
1990-01-01,76.46647485032366,09,1990
1991-01-01,78.48834595183723,09,1991
1992-01-01,80.7823044182292,09,1992
1993-01-01,81.15676354435404,09,1993
1994-01-01,81.6808932604761,09,1994
1995-01-01,83.75712192950704,09,1995
1996-01-01,86.50030295212234,09,1996
1997-01-01,86.87486796923613,09,1997
1998-01-01,89.6589903559754,09,1998
1999-01-01,91.94630583049847,09,1999
2000-01-01,92.45,09,2000
2001-01-01,92.36666666666667,09,2001
2002-01-01,92.575,09,2002
2003-01-01,93.14166666666668,09,2003
2004-01-01,92.95833333333331,09,2004
2005-01-01,93.475,09,2005
2006-01-01,94.13333333333333,09,2006
2007-01-01,95.44166666666666,09,2007
2008-01-01,97.06666666666666,09,2008
2009-01-01,98.61666666666667,09,2009
2010-01-01,99.98333333333332,09,2010
2011-01-01,101.96666666666664,09,2011
2012-01-01,103.175,09,2012
2013-01-01,103.26666666666668,09,2013
2014-01-01,104.93333333333334,09,2014
2015-01-01,106.725,09,2015
2016-01-01,109.43333333333334,09,2016
2017-01-01,111.50833333333333,09,2017
2018-01-01,111.00833333333333,09,2018
2019-01-01,111.75833333333333,09,2019
2020-01-01,112.33333333333331,09,2020
2021-01-01,112.84166666666664,09,2021
2022-01-01,115.35833333333332,09,2022
2023-01-01,117.05,09,2023
2024-01-01,119.175,09,2024
2005-01-01,90.79166666666669,10,2005
2006-01-01,92.26666666666668,10,2006
2007-01-01,93.88333333333333,10,2007
2008-01-01,96.1,10,2008
2009-01-01,98.33333333333331,10,2009
2010-01-01,100.0,10,2010
2011-01-01,102.23333333333332,10,2011
2012-01-01,104.68333333333334,10,2012
2013-01-01,107.225,10,2013
2014-01-01,109.75,10,2014
2015-01-01,112.4,10,2015
2016-01-01,114.825,10,2016
2017-01-01,116.70833333333331,10,2017
2018-01-01,118.03333333333336,10,2018
2019-01-01,119.69166666666666,10,2019
2020-01-01,120.9,10,2020
2021-01-01,121.05,10,2021
2022-01-01,122.4,10,2022
2023-01-01,124.66666666666669,10,2023
2024-01-01,126.59166666666664,10,2024
2005-01-01,83.01666666666667,11,2005
2006-01-01,86.06666666666666,11,2006
2007-01-01,89.26666666666667,11,2007
2008-01-01,95.13333333333333,11,2008
2009-01-01,97.91666666666669,11,2009
2010-01-01,100.0,11,2010
2011-01-01,105.86666666666667,11,2011
2012-01-01,109.00833333333333,11,2012
2013-01-01,111.66666666666669,11,2013
2014-01-01,116.85,11,2014
2015-01-01,121.74166666666667,11,2015
2016-01-01,125.10833333333332,11,2016
2017-01-01,128.24166666666667,11,2017
2018-01-01,130.18333333333334,11,2018
2019-01-01,131.78333333333333,11,2019
2020-01-01,132.36666666666667,11,2020
2021-01-01,132.9,11,2021
2022-01-01,139.53333333333333,11,2022
2023-01-01,147.26666666666668,11,2023
2024-01-01,151.85833333333332,11,2024
2010-01-01,99.98333333333332,12,2010
2011-01-01,100.14166666666668,12,2011
2012-01-01,101.4,12,2012
2013-01-01,102.99166666666667,12,2013
2014-01-01,104.48333333333332,12,2014
2015-01-01,108.76666666666668,12,2015
2016-01-01,111.25,12,2016
2017-01-01,111.59999999999998,12,2017
2018-01-01,110.28333333333336,12,2018
2019-01-01,109.89166666666668,12,2019
2020-01-01,109.88333333333334,12,2020
2021-01-01,109.90000000000002,12,2021
2022-01-01,110.075,12,2022
2023-01-01,110.24166666666667,12,2023
2024-01-01,110.5,12,2024
1980-01-01,45.86349816458039,13,1980
1981-01-01,50.04742213530344,13,1981
1982-01-01,51.220507915234045,13,1982
1983-01-01,54.51532071853306,13,1983
1984-01-01,55.375214430953925,13,1984
1985-01-01,55.34451264979496,13,1985
1986-01-01,56.08604913882977,13,1986
1987-01-01,56.429874498669456,13,1987
1988-01-01,57.48471906740284,13,1988
1989-01-01,58.99818836441526,13,1989
1990-01-01,60.72922321310098,13,1990
1991-01-01,62.89878000890925,13,1991
1992-01-01,64.31312062417878,13,1992
1993-01-01,66.02624807755303,13,1993
1994-01-01,67.61592592169963,13,1994
1995-01-01,70.46599702491578,13,1995
1996-01-01,72.23516541274874,13,1996
1997-01-01,75.54349845372096,13,1997
1998-01-01,80.83412293877859,13,1998
1999-01-01,82.06721861333399,13,1999
2000-01-01,82.83333333333333,13,2000
2001-01-01,83.43333333333334,13,2001
2002-01-01,84.35833333333333,13,2002
2003-01-01,85.425,13,2003
2004-01-01,86.99166666666667,13,2004
2005-01-01,88.38333333333333,13,2005
2006-01-01,90.38333333333333,13,2006
2007-01-01,91.21666666666664,13,2007
2008-01-01,94.28333333333336,13,2008
2009-01-01,97.75833333333333,13,2009
2010-01-01,100.01666666666668,13,2010
2011-01-01,102.41666666666669,13,2011
2012-01-01,104.4,13,2012
2013-01-01,104.71666666666664,13,2013
2014-01-01,105.35,13,2014
2015-01-01,109.725,13,2015
2016-01-01,112.875,13,2016
2017-01-01,114.19166666666666,13,2017
2018-01-01,112.575,13,2018
2019-01-01,113.0,13,2019
2020-01-01,115.99166666666667,13,2020
2021-01-01,116.55833333333334,13,2021
2022-01-01,118.86666666666667,13,2022
2023-01-01,121.80833333333334,13,2023
2024-01-01,125.46666666666664,13,2024
