age,sex,date,ethnicity,population,year
overall,both,1970-01-01,overall,10881.8,1970
0-4,both,1970-01-01,overall,1702.4,1970
5-9,both,1970-01-01,overall,1690.3,1970
10-14,both,1970-01-01,overall,1454.7,1970
15-19,both,1970-01-01,overall,1197.6,1970
20-24,both,1970-01-01,overall,921.6,1970
25-29,both,1970-01-01,overall,692.5,1970
30-34,both,1970-01-01,overall,659.1,1970
35-39,both,1970-01-01,overall,521.7,1970
40-44,both,1970-01-01,overall,457.8,1970
45-49,both,1970-01-01,overall,382.1,1970
50-54,both,1970-01-01,overall,336.7,1970
55-59,both,1970-01-01,overall,273.7,1970
60-64,both,1970-01-01,overall,234.7,1970
65-69,both,1970-01-01,overall,145.8,1970
70+,both,1970-01-01,overall,211.1,1970
overall,female,1970-01-01,overall,5364.7,1970
0-4,female,1970-01-01,overall,833.1,1970
5-9,female,1970-01-01,overall,826.6,1970
10-14,female,1970-01-01,overall,714.6,1970
15-19,female,1970-01-01,overall,599.8,1970
20-24,female,1970-01-01,overall,461.2,1970
25-29,female,1970-01-01,overall,344.6,1970
30-34,female,1970-01-01,overall,325.8,1970
35-39,female,1970-01-01,overall,262.9,1970
40-44,female,1970-01-01,overall,226.6,1970
45-49,female,1970-01-01,overall,191.4,1970
50-54,female,1970-01-01,overall,165.2,1970
55-59,female,1970-01-01,overall,129.4,1970
60-64,female,1970-01-01,overall,111.5,1970
65-69,female,1970-01-01,overall,65.7,1970
70+,female,1970-01-01,overall,106.3,1970
overall,male,1970-01-01,overall,5517.0,1970
0-4,male,1970-01-01,overall,869.3,1970
5-9,male,1970-01-01,overall,863.7,1970
10-14,male,1970-01-01,overall,740.1,1970
15-19,male,1970-01-01,overall,597.8,1970
20-24,male,1970-01-01,overall,460.4,1970
25-29,male,1970-01-01,overall,347.9,1970
30-34,male,1970-01-01,overall,333.3,1970
35-39,male,1970-01-01,overall,258.8,1970
40-44,male,1970-01-01,overall,231.2,1970
45-49,male,1970-01-01,overall,190.8,1970
50-54,male,1970-01-01,overall,171.5,1970
55-59,male,1970-01-01,overall,144.3,1970
60-64,male,1970-01-01,overall,123.2,1970
65-69,male,1970-01-01,overall,80.0,1970
70+,male,1970-01-01,overall,104.8,1970
overall,both,1971-01-01,overall,11159.7,1971
0-4,both,1971-01-01,overall,1725.9,1971
5-9,both,1971-01-01,overall,1689.8,1971
10-14,both,1971-01-01,overall,1491.3,1971
15-19,both,1971-01-01,overall,1238.7,1971
20-24,both,1971-01-01,overall,970.7,1971
25-29,both,1971-01-01,overall,734.2,1971
30-34,both,1971-01-01,overall,666.2,1971
35-39,both,1971-01-01,overall,545.4,1971
40-44,both,1971-01-01,overall,468.5,1971
45-49,both,1971-01-01,overall,393.8,1971
50-54,both,1971-01-01,overall,342.1,1971
55-59,both,1971-01-01,overall,280.6,1971
60-64,both,1971-01-01,overall,236.1,1971
65-69,both,1971-01-01,overall,155.1,1971
70+,both,1971-01-01,overall,221.2,1971
overall,female,1971-01-01,overall,5506.3,1971
0-4,female,1971-01-01,overall,844.2,1971
5-9,female,1971-01-01,overall,828.3,1971
10-14,female,1971-01-01,overall,734.4,1971
15-19,female,1971-01-01,overall,619.1,1971
20-24,female,1971-01-01,overall,485.4,1971
25-29,female,1971-01-01,overall,365.0,1971
30-34,female,1971-01-01,overall,329.2,1971
35-39,female,1971-01-01,overall,273.6,1971
40-44,female,1971-01-01,overall,232.8,1971
45-49,female,1971-01-01,overall,196.8,1971
50-54,female,1971-01-01,overall,168.9,1971
55-59,female,1971-01-01,overall,134.2,1971
60-64,female,1971-01-01,overall,112.4,1971
65-69,female,1971-01-01,overall,71.1,1971
70+,female,1971-01-01,overall,111.2,1971
overall,male,1971-01-01,overall,5653.4,1971
0-4,male,1971-01-01,overall,881.6,1971
5-9,male,1971-01-01,overall,861.5,1971
10-14,male,1971-01-01,overall,757.0,1971
15-19,male,1971-01-01,overall,619.6,1971
20-24,male,1971-01-01,overall,485.3,1971
25-29,male,1971-01-01,overall,369.2,1971
30-34,male,1971-01-01,overall,337.0,1971
35-39,male,1971-01-01,overall,271.8,1971
40-44,male,1971-01-01,overall,235.8,1971
45-49,male,1971-01-01,overall,197.0,1971
50-54,male,1971-01-01,overall,173.3,1971
55-59,male,1971-01-01,overall,146.4,1971
60-64,male,1971-01-01,overall,123.7,1971
65-69,male,1971-01-01,overall,84.1,1971
70+,male,1971-01-01,overall,110.0,1971
overall,both,1972-01-01,overall,11441.3,1972
0-4,both,1972-01-01,overall,1758.0,1972
5-9,both,1972-01-01,overall,1688.4,1972
10-14,both,1972-01-01,overall,1528.7,1972
15-19,both,1972-01-01,overall,1279.5,1972
20-24,both,1972-01-01,overall,1019.3,1972
25-29,both,1972-01-01,overall,777.5,1972
30-34,both,1972-01-01,overall,673.0,1972
35-39,both,1972-01-01,overall,570.3,1972
40-44,both,1972-01-01,overall,478.8,1972
45-49,both,1972-01-01,overall,405.9,1972
50-54,both,1972-01-01,overall,347.2,1972
55-59,both,1972-01-01,overall,287.9,1972
60-64,both,1972-01-01,overall,237.4,1972
65-69,both,1972-01-01,overall,164.8,1972
70+,both,1972-01-01,overall,224.5,1972
overall,female,1972-01-01,overall,5649.8,1972
0-4,female,1972-01-01,overall,859.8,1972
5-9,female,1972-01-01,overall,828.7,1972
10-14,female,1972-01-01,overall,754.5,1972
15-19,female,1972-01-01,overall,638.6,1972
20-24,female,1972-01-01,overall,509.8,1972
25-29,female,1972-01-01,overall,386.1,1972
30-34,female,1972-01-01,overall,332.4,1972
35-39,female,1972-01-01,overall,284.7,1972
40-44,female,1972-01-01,overall,238.7,1972
45-49,female,1972-01-01,overall,202.5,1972
50-54,female,1972-01-01,overall,172.3,1972
55-59,female,1972-01-01,overall,139.1,1972
60-64,female,1972-01-01,overall,113.3,1972
65-69,female,1972-01-01,overall,76.7,1972
70+,female,1972-01-01,overall,112.6,1972
overall,male,1972-01-01,overall,5791.5,1972
0-4,male,1972-01-01,overall,898.2,1972
5-9,male,1972-01-01,overall,859.7,1972
10-14,male,1972-01-01,overall,774.2,1972
15-19,male,1972-01-01,overall,640.9,1972
20-24,male,1972-01-01,overall,509.5,1972
25-29,male,1972-01-01,overall,391.4,1972
30-34,male,1972-01-01,overall,340.6,1972
35-39,male,1972-01-01,overall,285.6,1972
40-44,male,1972-01-01,overall,240.1,1972
45-49,male,1972-01-01,overall,203.4,1972
50-54,male,1972-01-01,overall,174.9,1972
55-59,male,1972-01-01,overall,148.8,1972
60-64,male,1972-01-01,overall,124.1,1972
65-69,male,1972-01-01,overall,88.1,1972
70+,male,1972-01-01,overall,111.9,1972
overall,both,1973-01-01,overall,11719.8,1973
0-4,both,1973-01-01,overall,1786.9,1973
5-9,both,1973-01-01,overall,1686.2,1973
10-14,both,1973-01-01,overall,1564.4,1973
15-19,both,1973-01-01,overall,1319.9,1973
20-24,both,1973-01-01,overall,1066.1,1973
25-29,both,1973-01-01,overall,822.2,1973
30-34,both,1973-01-01,overall,679.3,1973
35-39,both,1973-01-01,overall,596.2,1973
40-44,both,1973-01-01,overall,488.3,1973
45-49,both,1973-01-01,overall,418.4,1973
50-54,both,1973-01-01,overall,351.7,1973
55-59,both,1973-01-01,overall,295.5,1973
60-64,both,1973-01-01,overall,238.3,1973
65-69,both,1973-01-01,overall,174.7,1973
70+,both,1973-01-01,overall,231.6,1973
overall,female,1973-01-01,overall,5791.9,1973
0-4,female,1973-01-01,overall,873.8,1973
5-9,female,1973-01-01,overall,827.9,1973
10-14,female,1973-01-01,overall,773.7,1973
15-19,female,1973-01-01,overall,658.7,1973
20-24,female,1973-01-01,overall,533.9,1973
25-29,female,1973-01-01,overall,408.0,1973
30-34,female,1973-01-01,overall,335.2,1973
35-39,female,1973-01-01,overall,296.1,1973
40-44,female,1973-01-01,overall,244.1,1973
45-49,female,1973-01-01,overall,208.3,1973
50-54,female,1973-01-01,overall,175.4,1973
55-59,female,1973-01-01,overall,144.3,1973
60-64,female,1973-01-01,overall,114.1,1973
65-69,female,1973-01-01,overall,82.5,1973
70+,female,1973-01-01,overall,116.0,1973
overall,male,1973-01-01,overall,5927.9,1973
0-4,male,1973-01-01,overall,913.1,1973
5-9,male,1973-01-01,overall,858.3,1973
10-14,male,1973-01-01,overall,790.8,1973
15-19,male,1973-01-01,overall,661.2,1973
20-24,male,1973-01-01,overall,532.3,1973
25-29,male,1973-01-01,overall,414.3,1973
30-34,male,1973-01-01,overall,344.1,1973
35-39,male,1973-01-01,overall,300.1,1973
40-44,male,1973-01-01,overall,244.2,1973
45-49,male,1973-01-01,overall,210.1,1973
50-54,male,1973-01-01,overall,176.3,1973
55-59,male,1973-01-01,overall,151.2,1973
60-64,male,1973-01-01,overall,124.2,1973
65-69,male,1973-01-01,overall,92.2,1973
70+,male,1973-01-01,overall,115.6,1973
overall,both,1974-01-01,overall,12001.3,1974
0-4,both,1974-01-01,overall,1816.2,1974
5-9,both,1974-01-01,overall,1686.4,1974
10-14,both,1974-01-01,overall,1597.8,1974
15-19,both,1974-01-01,overall,1361.1,1974
20-24,both,1974-01-01,overall,1110.9,1974
25-29,both,1974-01-01,overall,868.8,1974
30-34,both,1974-01-01,overall,685.7,1974
35-39,both,1974-01-01,overall,623.4,1974
40-44,both,1974-01-01,overall,497.1,1974
45-49,both,1974-01-01,overall,431.5,1974
50-54,both,1974-01-01,overall,355.7,1974
55-59,both,1974-01-01,overall,303.6,1974
60-64,both,1974-01-01,overall,239.1,1974
65-69,both,1974-01-01,overall,185.1,1974
70+,both,1974-01-01,overall,238.9,1974
overall,female,1974-01-01,overall,5935.0,1974
0-4,female,1974-01-01,overall,888.1,1974
5-9,female,1974-01-01,overall,827.3,1974
10-14,female,1974-01-01,overall,791.2,1974
15-19,female,1974-01-01,overall,680.1,1974
20-24,female,1974-01-01,overall,557.4,1974
25-29,female,1974-01-01,overall,430.7,1974
30-34,female,1974-01-01,overall,337.9,1974
35-39,female,1974-01-01,overall,307.9,1974
40-44,female,1974-01-01,overall,249.1,1974
45-49,female,1974-01-01,overall,214.4,1974
50-54,female,1974-01-01,overall,178.1,1974
55-59,female,1974-01-01,overall,149.7,1974
60-64,female,1974-01-01,overall,114.9,1974
65-69,female,1974-01-01,overall,88.8,1974
70+,female,1974-01-01,overall,119.5,1974
overall,male,1974-01-01,overall,6066.3,1974
0-4,male,1974-01-01,overall,928.1,1974
5-9,male,1974-01-01,overall,859.1,1974
10-14,male,1974-01-01,overall,806.6,1974
15-19,male,1974-01-01,overall,681.0,1974
20-24,male,1974-01-01,overall,553.5,1974
25-29,male,1974-01-01,overall,438.1,1974
30-34,male,1974-01-01,overall,347.8,1974
35-39,male,1974-01-01,overall,315.5,1974
40-44,male,1974-01-01,overall,248.0,1974
45-49,male,1974-01-01,overall,217.1,1974
50-54,male,1974-01-01,overall,177.6,1974
55-59,male,1974-01-01,overall,153.9,1974
60-64,male,1974-01-01,overall,124.3,1974
65-69,male,1974-01-01,overall,96.3,1974
70+,male,1974-01-01,overall,119.4,1974
overall,both,1975-01-01,overall,12300.3,1975
0-4,both,1975-01-01,overall,1846.3,1975
5-9,both,1975-01-01,overall,1693.9,1975
10-14,both,1975-01-01,overall,1630.3,1975
15-19,both,1975-01-01,overall,1403.7,1975
20-24,both,1975-01-01,overall,1154.9,1975
25-29,both,1975-01-01,overall,918.5,1975
30-34,both,1975-01-01,overall,692.9,1975
35-39,both,1975-01-01,overall,652.9,1975
40-44,both,1975-01-01,overall,505.8,1975
45-49,both,1975-01-01,overall,445.9,1975
50-54,both,1975-01-01,overall,359.8,1975
55-59,both,1975-01-01,overall,312.3,1975
60-64,both,1975-01-01,overall,240.1,1975
65-69,both,1975-01-01,overall,196.4,1975
70+,both,1975-01-01,overall,246.5,1975
overall,female,1975-01-01,overall,6087.2,1975
0-4,female,1975-01-01,overall,902.9,1975
5-9,female,1975-01-01,overall,829.5,1975
10-14,female,1975-01-01,overall,807.7,1975
15-19,female,1975-01-01,overall,703.3,1975
20-24,female,1975-01-01,overall,581.1,1975
25-29,female,1975-01-01,overall,455.0,1975
30-34,female,1975-01-01,overall,340.9,1975
35-39,female,1975-01-01,overall,320.6,1975
40-44,female,1975-01-01,overall,254.0,1975
45-49,female,1975-01-01,overall,221.1,1975
50-54,female,1975-01-01,overall,180.8,1975
55-59,female,1975-01-01,overall,155.5,1975
60-64,female,1975-01-01,overall,115.8,1975
65-69,female,1975-01-01,overall,95.6,1975
70+,female,1975-01-01,overall,123.2,1975
overall,male,1975-01-01,overall,6213.1,1975
0-4,male,1975-01-01,overall,943.4,1975
5-9,male,1975-01-01,overall,864.4,1975
10-14,male,1975-01-01,overall,822.6,1975
15-19,male,1975-01-01,overall,700.4,1975
20-24,male,1975-01-01,overall,573.7,1975
25-29,male,1975-01-01,overall,463.5,1975
30-34,male,1975-01-01,overall,352.0,1975
35-39,male,1975-01-01,overall,332.2,1975
40-44,male,1975-01-01,overall,251.8,1975
45-49,male,1975-01-01,overall,224.8,1975
50-54,male,1975-01-01,overall,178.9,1975
55-59,male,1975-01-01,overall,156.8,1975
60-64,male,1975-01-01,overall,124.3,1975
65-69,male,1975-01-01,overall,100.8,1975
70+,male,1975-01-01,overall,123.3,1975
overall,both,1976-01-01,overall,12588.1,1976
0-4,both,1976-01-01,overall,1871.2,1976
5-9,both,1976-01-01,overall,1723.1,1976
10-14,both,1976-01-01,overall,1634.7,1976
15-19,both,1976-01-01,overall,1438.5,1976
20-24,both,1976-01-01,overall,1193.0,1976
25-29,both,1976-01-01,overall,959.8,1976
30-34,both,1976-01-01,overall,733.2,1976
35-39,both,1976-01-01,overall,660.0,1976
40-44,both,1976-01-01,overall,529.9,1976
45-49,both,1976-01-01,overall,454.5,1976
50-54,both,1976-01-01,overall,371.6,1976
55-59,both,1976-01-01,overall,316.2,1976
60-64,both,1976-01-01,overall,246.4,1976
65-69,both,1976-01-01,overall,196.5,1976
70+,both,1976-01-01,overall,259.2,1976
overall,female,1976-01-01,overall,6233.7,1976
0-4,female,1976-01-01,overall,914.4,1976
5-9,female,1976-01-01,overall,843.4,1976
10-14,female,1976-01-01,overall,809.9,1976
15-19,female,1976-01-01,overall,722.1,1976
20-24,female,1976-01-01,overall,601.0,1976
25-29,female,1976-01-01,overall,476.5,1976
30-34,female,1976-01-01,overall,360.4,1976
35-39,female,1976-01-01,overall,323.8,1976
40-44,female,1976-01-01,overall,264.8,1976
45-49,female,1976-01-01,overall,226.1,1976
50-54,female,1976-01-01,overall,186.6,1976
55-59,female,1976-01-01,overall,158.3,1976
60-64,female,1976-01-01,overall,120.3,1976
65-69,female,1976-01-01,overall,96.0,1976
70+,female,1976-01-01,overall,130.2,1976
overall,male,1976-01-01,overall,6354.5,1976
0-4,male,1976-01-01,overall,956.8,1976
5-9,male,1976-01-01,overall,879.8,1976
10-14,male,1976-01-01,overall,824.8,1976
15-19,male,1976-01-01,overall,716.5,1976
20-24,male,1976-01-01,overall,592.1,1976
25-29,male,1976-01-01,overall,483.3,1976
30-34,male,1976-01-01,overall,372.7,1976
35-39,male,1976-01-01,overall,336.2,1976
40-44,male,1976-01-01,overall,265.1,1976
45-49,male,1976-01-01,overall,228.4,1976
50-54,male,1976-01-01,overall,185.1,1976
55-59,male,1976-01-01,overall,158.0,1976
60-64,male,1976-01-01,overall,126.1,1976
65-69,male,1976-01-01,overall,100.6,1976
70+,male,1976-01-01,overall,129.0,1976
overall,both,1977-01-01,overall,12901.1,1977
0-4,both,1977-01-01,overall,1901.2,1977
5-9,both,1977-01-01,overall,1756.6,1977
10-14,both,1977-01-01,overall,1644.5,1977
15-19,both,1977-01-01,overall,1476.3,1977
20-24,both,1977-01-01,overall,1233.4,1977
25-29,both,1977-01-01,overall,1001.7,1977
30-34,both,1977-01-01,overall,776.4,1977
35-39,both,1977-01-01,overall,668.5,1977
40-44,both,1977-01-01,overall,556.6,1977
45-49,both,1977-01-01,overall,463.6,1977
50-54,both,1977-01-01,overall,385.0,1977
55-59,both,1977-01-01,overall,320.6,1977
60-64,both,1977-01-01,overall,253.8,1977
65-69,both,1977-01-01,overall,197.1,1977
70+,both,1977-01-01,overall,265.9,1977
overall,female,1977-01-01,overall,6392.7,1977
0-4,female,1977-01-01,overall,928.7,1977
5-9,female,1977-01-01,overall,859.6,1977
10-14,female,1977-01-01,overall,813.6,1977
15-19,female,1977-01-01,overall,742.1,1977
20-24,female,1977-01-01,overall,622.6,1977
25-29,female,1977-01-01,overall,498.8,1977
30-34,female,1977-01-01,overall,381.5,1977
35-39,female,1977-01-01,overall,327.5,1977
40-44,female,1977-01-01,overall,276.8,1977
45-49,female,1977-01-01,overall,231.3,1977
50-54,female,1977-01-01,overall,193.0,1977
55-59,female,1977-01-01,overall,161.2,1977
60-64,female,1977-01-01,overall,125.3,1977
65-69,female,1977-01-01,overall,96.6,1977
70+,female,1977-01-01,overall,134.1,1977
overall,male,1977-01-01,overall,6508.4,1977
0-4,male,1977-01-01,overall,972.4,1977
5-9,male,1977-01-01,overall,897.0,1977
10-14,male,1977-01-01,overall,830.9,1977
15-19,male,1977-01-01,overall,734.2,1977
20-24,male,1977-01-01,overall,610.8,1977
25-29,male,1977-01-01,overall,502.8,1977
30-34,male,1977-01-01,overall,394.9,1977
35-39,male,1977-01-01,overall,341.0,1977
40-44,male,1977-01-01,overall,279.9,1977
45-49,male,1977-01-01,overall,232.2,1977
50-54,male,1977-01-01,overall,192.0,1977
55-59,male,1977-01-01,overall,159.4,1977
60-64,male,1977-01-01,overall,128.5,1977
65-69,male,1977-01-01,overall,100.5,1977
70+,male,1977-01-01,overall,131.8,1977
overall,both,1978-01-01,overall,13200.2,1978
0-4,both,1978-01-01,overall,1919.9,1978
5-9,both,1978-01-01,overall,1788.8,1978
10-14,both,1978-01-01,overall,1656.4,1978
15-19,both,1978-01-01,overall,1510.8,1978
20-24,both,1978-01-01,overall,1272.2,1978
25-29,both,1978-01-01,overall,1040.7,1978
30-34,both,1978-01-01,overall,820.9,1978
35-39,both,1978-01-01,overall,676.3,1978
40-44,both,1978-01-01,overall,584.2,1978
45-49,both,1978-01-01,overall,471.7,1978
50-54,both,1978-01-01,overall,398.7,1978
55-59,both,1978-01-01,overall,324.3,1978
60-64,both,1978-01-01,overall,261.4,1978
65-69,both,1978-01-01,overall,197.4,1978
70+,both,1978-01-01,overall,276.5,1978
overall,female,1978-01-01,overall,6544.4,1978
0-4,female,1978-01-01,overall,937.3,1978
5-9,female,1978-01-01,overall,875.3,1978
10-14,female,1978-01-01,overall,817.3,1978
15-19,female,1978-01-01,overall,759.9,1978
20-24,female,1978-01-01,overall,644.3,1978
25-29,female,1978-01-01,overall,520.5,1978
30-34,female,1978-01-01,overall,403.1,1978
35-39,female,1978-01-01,overall,330.8,1978
40-44,female,1978-01-01,overall,288.8,1978
45-49,female,1978-01-01,overall,236.0,1978
50-54,female,1978-01-01,overall,199.6,1978
55-59,female,1978-01-01,overall,163.7,1978
60-64,female,1978-01-01,overall,130.5,1978
65-69,female,1978-01-01,overall,97.2,1978
70+,female,1978-01-01,overall,140.2,1978
overall,male,1978-01-01,overall,6655.8,1978
0-4,male,1978-01-01,overall,982.5,1978
5-9,male,1978-01-01,overall,913.5,1978
10-14,male,1978-01-01,overall,839.1,1978
15-19,male,1978-01-01,overall,750.9,1978
20-24,male,1978-01-01,overall,627.9,1978
25-29,male,1978-01-01,overall,520.2,1978
30-34,male,1978-01-01,overall,417.8,1978
35-39,male,1978-01-01,overall,345.6,1978
40-44,male,1978-01-01,overall,295.4,1978
45-49,male,1978-01-01,overall,235.7,1978
50-54,male,1978-01-01,overall,199.1,1978
55-59,male,1978-01-01,overall,160.6,1978
60-64,male,1978-01-01,overall,130.9,1978
65-69,male,1978-01-01,overall,100.2,1978
70+,male,1978-01-01,overall,136.4,1978
overall,both,1979-01-01,overall,13518.3,1979
0-4,both,1979-01-01,overall,1935.7,1979
5-9,both,1979-01-01,overall,1823.4,1979
10-14,both,1979-01-01,overall,1676.6,1979
15-19,both,1979-01-01,overall,1544.3,1979
20-24,both,1979-01-01,overall,1313.1,1979
25-29,both,1979-01-01,overall,1078.9,1979
30-34,both,1979-01-01,overall,868.4,1979
35-39,both,1979-01-01,overall,685.3,1979
40-44,both,1979-01-01,overall,614.3,1979
45-49,both,1979-01-01,overall,480.1,1979
50-54,both,1979-01-01,overall,413.8,1979
55-59,both,1979-01-01,overall,328.1,1979
60-64,both,1979-01-01,overall,270.0,1979
65-69,both,1979-01-01,overall,197.8,1979
70+,both,1979-01-01,overall,288.3,1979
overall,female,1979-01-01,overall,6705.7,1979
0-4,female,1979-01-01,overall,944.2,1979
5-9,female,1979-01-01,overall,892.3,1979
10-14,female,1979-01-01,overall,824.4,1979
15-19,female,1979-01-01,overall,776.7,1979
20-24,female,1979-01-01,overall,668.3,1979
25-29,female,1979-01-01,overall,542.5,1979
30-34,female,1979-01-01,overall,426.2,1979
35-39,female,1979-01-01,overall,334.5,1979
40-44,female,1979-01-01,overall,301.9,1979
45-49,female,1979-01-01,overall,240.7,1979
50-54,female,1979-01-01,overall,206.8,1979
55-59,female,1979-01-01,overall,166.2,1979
60-64,female,1979-01-01,overall,136.2,1979
65-69,female,1979-01-01,overall,98.0,1979
70+,female,1979-01-01,overall,146.9,1979
overall,male,1979-01-01,overall,6812.5,1979
0-4,male,1979-01-01,overall,991.5,1979
5-9,male,1979-01-01,overall,931.1,1979
10-14,male,1979-01-01,overall,852.2,1979
15-19,male,1979-01-01,overall,767.6,1979
20-24,male,1979-01-01,overall,644.8,1979
25-29,male,1979-01-01,overall,536.4,1979
30-34,male,1979-01-01,overall,442.2,1979
35-39,male,1979-01-01,overall,350.9,1979
40-44,male,1979-01-01,overall,312.4,1979
45-49,male,1979-01-01,overall,239.4,1979
50-54,male,1979-01-01,overall,207.0,1979
55-59,male,1979-01-01,overall,161.9,1979
60-64,male,1979-01-01,overall,133.9,1979
65-69,male,1979-01-01,overall,99.8,1979
70+,male,1979-01-01,overall,141.4,1979
overall,both,1980-01-01,overall,13879.3,1980
overall,both,1980-01-01,bumi,7926.7,1980
overall,both,1980-01-01,chinese,4460.1,1980
overall,both,1980-01-01,indian,1189.8,1980
overall,both,1980-01-01,other,302.7,1980
0-4,both,1980-01-01,overall,1979.2,1980
0-4,both,1980-01-01,bumi,1210.2,1980
0-4,both,1980-01-01,chinese,567.4,1980
0-4,both,1980-01-01,indian,160.5,1980
0-4,both,1980-01-01,other,41.1,1980
5-9,both,1980-01-01,overall,1844.2,1980
5-9,both,1980-01-01,bumi,1101.3,1980
5-9,both,1980-01-01,chinese,560.5,1980
5-9,both,1980-01-01,indian,142.5,1980
5-9,both,1980-01-01,other,39.9,1980
10-14,both,1980-01-01,overall,1719.1,1980
10-14,both,1980-01-01,bumi,983.4,1980
10-14,both,1980-01-01,chinese,544.7,1980
10-14,both,1980-01-01,indian,146.1,1980
10-14,both,1980-01-01,other,44.9,1980
15-19,both,1980-01-01,overall,1576.5,1980
15-19,both,1980-01-01,bumi,903.7,1980
15-19,both,1980-01-01,chinese,491.3,1980
15-19,both,1980-01-01,indian,144.1,1980
15-19,both,1980-01-01,other,37.4,1980
20-24,both,1980-01-01,overall,1355.2,1980
20-24,both,1980-01-01,bumi,768.2,1980
20-24,both,1980-01-01,chinese,417.0,1980
20-24,both,1980-01-01,indian,131.8,1980
20-24,both,1980-01-01,other,38.2,1980
25-29,both,1980-01-01,overall,1118.2,1980
25-29,both,1980-01-01,bumi,616.5,1980
25-29,both,1980-01-01,chinese,368.9,1980
25-29,both,1980-01-01,indian,105.0,1980
25-29,both,1980-01-01,other,27.7,1980
30-34,both,1980-01-01,overall,901.2,1980
30-34,both,1980-01-01,bumi,486.9,1980
30-34,both,1980-01-01,chinese,315.6,1980
30-34,both,1980-01-01,indian,78.0,1980
30-34,both,1980-01-01,other,20.6,1980
35-39,both,1980-01-01,overall,729.9,1980
35-39,both,1980-01-01,bumi,395.3,1980
35-39,both,1980-01-01,chinese,262.0,1980
35-39,both,1980-01-01,indian,58.1,1980
35-39,both,1980-01-01,other,14.5,1980
40-44,both,1980-01-01,overall,613.2,1980
40-44,both,1980-01-01,bumi,337.5,1980
40-44,both,1980-01-01,chinese,214.7,1980
40-44,both,1980-01-01,indian,49.4,1980
40-44,both,1980-01-01,other,11.6,1980
45-49,both,1980-01-01,overall,516.1,1980
45-49,both,1980-01-01,bumi,293.1,1980
45-49,both,1980-01-01,chinese,170.6,1980
45-49,both,1980-01-01,indian,44.3,1980
45-49,both,1980-01-01,other,8.0,1980
50-54,both,1980-01-01,overall,424.5,1980
50-54,both,1980-01-01,bumi,248.8,1980
50-54,both,1980-01-01,chinese,131.3,1980
50-54,both,1980-01-01,indian,38.2,1980
50-54,both,1980-01-01,other,6.3,1980
55-59,both,1980-01-01,overall,342.5,1980
55-59,both,1980-01-01,bumi,202.1,1980
55-59,both,1980-01-01,chinese,104.4,1980
55-59,both,1980-01-01,indian,31.6,1980
55-59,both,1980-01-01,other,4.4,1980
60-64,both,1980-01-01,overall,268.4,1980
60-64,both,1980-01-01,bumi,149.4,1980
60-64,both,1980-01-01,chinese,90.9,1980
60-64,both,1980-01-01,indian,24.7,1980
60-64,both,1980-01-01,other,3.5,1980
65-69,both,1980-01-01,overall,200.1,1980
65-69,both,1980-01-01,bumi,100.8,1980
65-69,both,1980-01-01,chinese,80.0,1980
65-69,both,1980-01-01,indian,17.4,1980
65-69,both,1980-01-01,other,1.9,1980
70-74,both,1980-01-01,overall,138.3,1980
70-74,both,1980-01-01,bumi,62.0,1980
70-74,both,1980-01-01,chinese,64.4,1980
70-74,both,1980-01-01,indian,10.6,1980
70-74,both,1980-01-01,other,1.3,1980
75-79,both,1980-01-01,overall,83.0,1980
75-79,both,1980-01-01,bumi,31.0,1980
75-79,both,1980-01-01,chinese,47.2,1980
75-79,both,1980-01-01,indian,4.1,1980
75-79,both,1980-01-01,other,0.7,1980
80+,both,1980-01-01,overall,69.8,1980
80+,both,1980-01-01,bumi,36.6,1980
80+,both,1980-01-01,chinese,29.2,1980
80+,both,1980-01-01,indian,3.3,1980
80+,both,1980-01-01,other,0.7,1980
overall,female,1980-01-01,overall,6887.2,1980
overall,female,1980-01-01,bumi,3971.0,1980
overall,female,1980-01-01,chinese,2210.7,1980
overall,female,1980-01-01,indian,575.0,1980
overall,female,1980-01-01,other,130.5,1980
0-4,female,1980-01-01,overall,963.9,1980
0-4,female,1980-01-01,bumi,590.2,1980
0-4,female,1980-01-01,chinese,275.0,1980
0-4,female,1980-01-01,indian,78.9,1980
0-4,female,1980-01-01,other,19.9,1980
5-9,female,1980-01-01,overall,901.5,1980
5-9,female,1980-01-01,bumi,541.7,1980
5-9,female,1980-01-01,chinese,271.6,1980
5-9,female,1980-01-01,indian,70.0,1980
5-9,female,1980-01-01,other,18.2,1980
10-14,female,1980-01-01,overall,842.8,1980
10-14,female,1980-01-01,bumi,487.2,1980
10-14,female,1980-01-01,chinese,264.3,1980
10-14,female,1980-01-01,indian,71.4,1980
10-14,female,1980-01-01,other,19.9,1980
15-19,female,1980-01-01,overall,792.0,1980
15-19,female,1980-01-01,bumi,459.4,1980
15-19,female,1980-01-01,chinese,244.7,1980
15-19,female,1980-01-01,indian,71.3,1980
15-19,female,1980-01-01,other,16.6,1980
20-24,female,1980-01-01,overall,693.9,1980
20-24,female,1980-01-01,bumi,398.9,1980
20-24,female,1980-01-01,chinese,212.2,1980
20-24,female,1980-01-01,indian,67.1,1980
20-24,female,1980-01-01,other,15.7,1980
25-29,female,1980-01-01,overall,565.0,1980
25-29,female,1980-01-01,bumi,315.3,1980
25-29,female,1980-01-01,chinese,186.1,1980
25-29,female,1980-01-01,indian,52.6,1980
25-29,female,1980-01-01,other,11.0,1980
30-34,female,1980-01-01,overall,445.2,1980
30-34,female,1980-01-01,bumi,243.9,1980
30-34,female,1980-01-01,chinese,154.9,1980
30-34,female,1980-01-01,indian,38.3,1980
30-34,female,1980-01-01,other,8.1,1980
35-39,female,1980-01-01,overall,355.3,1980
35-39,female,1980-01-01,bumi,196.5,1980
35-39,female,1980-01-01,chinese,125.1,1980
35-39,female,1980-01-01,indian,28.2,1980
35-39,female,1980-01-01,other,5.4,1980
40-44,female,1980-01-01,overall,300.1,1980
40-44,female,1980-01-01,bumi,169.2,1980
40-44,female,1980-01-01,chinese,102.4,1980
40-44,female,1980-01-01,indian,23.9,1980
40-44,female,1980-01-01,other,4.6,1980
45-49,female,1980-01-01,overall,257.1,1980
45-49,female,1980-01-01,bumi,149.2,1980
45-49,female,1980-01-01,chinese,83.9,1980
45-49,female,1980-01-01,indian,20.9,1980
45-49,female,1980-01-01,other,3.1,1980
50-54,female,1980-01-01,overall,214.0,1980
50-54,female,1980-01-01,bumi,126.8,1980
50-54,female,1980-01-01,chinese,67.7,1980
50-54,female,1980-01-01,indian,16.8,1980
50-54,female,1980-01-01,other,2.7,1980
55-59,female,1980-01-01,overall,173.1,1980
55-59,female,1980-01-01,bumi,102.1,1980
55-59,female,1980-01-01,chinese,56.2,1980
55-59,female,1980-01-01,indian,13.0,1980
55-59,female,1980-01-01,other,1.8,1980
60-64,female,1980-01-01,overall,135.2,1980
60-64,female,1980-01-01,bumi,74.6,1980
60-64,female,1980-01-01,chinese,49.4,1980
60-64,female,1980-01-01,indian,9.7,1980
60-64,female,1980-01-01,other,1.6,1980
65-69,female,1980-01-01,overall,100.1,1980
65-69,female,1980-01-01,bumi,49.9,1980
65-69,female,1980-01-01,chinese,42.8,1980
65-69,female,1980-01-01,indian,6.5,1980
65-69,female,1980-01-01,other,0.8,1980
70-74,female,1980-01-01,overall,68.6,1980
70-74,female,1980-01-01,bumi,30.6,1980
70-74,female,1980-01-01,chinese,33.6,1980
70-74,female,1980-01-01,indian,3.7,1980
70-74,female,1980-01-01,other,0.6,1980
75-79,female,1980-01-01,overall,40.5,1980
75-79,female,1980-01-01,bumi,15.7,1980
75-79,female,1980-01-01,chinese,23.2,1980
75-79,female,1980-01-01,indian,1.3,1980
75-79,female,1980-01-01,other,0.3,1980
80+,female,1980-01-01,overall,38.9,1980
80+,female,1980-01-01,bumi,19.9,1980
80+,female,1980-01-01,chinese,17.5,1980
80+,female,1980-01-01,indian,1.2,1980
80+,female,1980-01-01,other,0.3,1980
overall,male,1980-01-01,overall,6992.0,1980
overall,male,1980-01-01,bumi,3955.7,1980
overall,male,1980-01-01,chinese,2249.4,1980
overall,male,1980-01-01,indian,614.7,1980
overall,male,1980-01-01,other,172.2,1980
0-4,male,1980-01-01,overall,1015.2,1980
0-4,male,1980-01-01,bumi,620.0,1980
0-4,male,1980-01-01,chinese,292.4,1980
0-4,male,1980-01-01,indian,81.6,1980
0-4,male,1980-01-01,other,21.2,1980
5-9,male,1980-01-01,overall,942.6,1980
5-9,male,1980-01-01,bumi,559.6,1980
5-9,male,1980-01-01,chinese,288.8,1980
5-9,male,1980-01-01,indian,72.4,1980
5-9,male,1980-01-01,other,21.8,1980
10-14,male,1980-01-01,overall,876.3,1980
10-14,male,1980-01-01,bumi,496.2,1980
10-14,male,1980-01-01,chinese,280.5,1980
10-14,male,1980-01-01,indian,74.6,1980
10-14,male,1980-01-01,other,25.0,1980
15-19,male,1980-01-01,overall,784.5,1980
15-19,male,1980-01-01,bumi,444.3,1980
15-19,male,1980-01-01,chinese,246.6,1980
15-19,male,1980-01-01,indian,72.8,1980
15-19,male,1980-01-01,other,20.8,1980
20-24,male,1980-01-01,overall,661.2,1980
20-24,male,1980-01-01,bumi,369.2,1980
20-24,male,1980-01-01,chinese,204.8,1980
20-24,male,1980-01-01,indian,64.7,1980
20-24,male,1980-01-01,other,22.5,1980
25-29,male,1980-01-01,overall,553.2,1980
25-29,male,1980-01-01,bumi,301.2,1980
25-29,male,1980-01-01,chinese,182.8,1980
25-29,male,1980-01-01,indian,52.4,1980
25-29,male,1980-01-01,other,16.7,1980
30-34,male,1980-01-01,overall,456.0,1980
30-34,male,1980-01-01,bumi,243.0,1980
30-34,male,1980-01-01,chinese,160.8,1980
30-34,male,1980-01-01,indian,39.7,1980
30-34,male,1980-01-01,other,12.5,1980
35-39,male,1980-01-01,overall,374.6,1980
35-39,male,1980-01-01,bumi,198.8,1980
35-39,male,1980-01-01,chinese,136.9,1980
35-39,male,1980-01-01,indian,29.9,1980
35-39,male,1980-01-01,other,9.1,1980
40-44,male,1980-01-01,overall,313.1,1980
40-44,male,1980-01-01,bumi,168.3,1980
40-44,male,1980-01-01,chinese,112.3,1980
40-44,male,1980-01-01,indian,25.5,1980
40-44,male,1980-01-01,other,7.0,1980
45-49,male,1980-01-01,overall,259.0,1980
45-49,male,1980-01-01,bumi,144.0,1980
45-49,male,1980-01-01,chinese,86.7,1980
45-49,male,1980-01-01,indian,23.4,1980
45-49,male,1980-01-01,other,4.9,1980
50-54,male,1980-01-01,overall,210.5,1980
50-54,male,1980-01-01,bumi,122.0,1980
50-54,male,1980-01-01,chinese,63.5,1980
50-54,male,1980-01-01,indian,21.3,1980
50-54,male,1980-01-01,other,3.6,1980
55-59,male,1980-01-01,overall,169.5,1980
55-59,male,1980-01-01,bumi,100.0,1980
55-59,male,1980-01-01,chinese,48.2,1980
55-59,male,1980-01-01,indian,18.6,1980
55-59,male,1980-01-01,other,2.6,1980
60-64,male,1980-01-01,overall,133.2,1980
60-64,male,1980-01-01,bumi,74.8,1980
60-64,male,1980-01-01,chinese,41.5,1980
60-64,male,1980-01-01,indian,15.0,1980
60-64,male,1980-01-01,other,1.9,1980
65-69,male,1980-01-01,overall,100.0,1980
65-69,male,1980-01-01,bumi,50.8,1980
65-69,male,1980-01-01,chinese,37.2,1980
65-69,male,1980-01-01,indian,10.9,1980
65-69,male,1980-01-01,other,1.1,1980
70-74,male,1980-01-01,overall,69.7,1980
70-74,male,1980-01-01,bumi,31.4,1980
70-74,male,1980-01-01,chinese,30.8,1980
70-74,male,1980-01-01,indian,6.9,1980
70-74,male,1980-01-01,other,0.7,1980
75-79,male,1980-01-01,overall,42.5,1980
75-79,male,1980-01-01,bumi,15.3,1980
75-79,male,1980-01-01,chinese,24.1,1980
75-79,male,1980-01-01,indian,2.8,1980
75-79,male,1980-01-01,other,0.3,1980
80+,male,1980-01-01,overall,30.8,1980
80+,male,1980-01-01,bumi,16.7,1980
80+,male,1980-01-01,chinese,11.7,1980
80+,male,1980-01-01,indian,2.1,1980
80+,male,1980-01-01,other,0.3,1980
overall,both,1981-01-01,overall,14256.9,1981
overall,both,1981-01-01,bumi,8200.6,1981
overall,both,1981-01-01,chinese,4521.1,1981
overall,both,1981-01-01,indian,1212.7,1981
overall,both,1981-01-01,other,322.5,1981
0-4,both,1981-01-01,overall,2032.4,1981
0-4,both,1981-01-01,bumi,1259.6,1981
0-4,both,1981-01-01,chinese,564.7,1981
0-4,both,1981-01-01,indian,163.9,1981
0-4,both,1981-01-01,other,44.1,1981
5-9,both,1981-01-01,overall,1854.3,1981
5-9,both,1981-01-01,bumi,1116.2,1981
5-9,both,1981-01-01,chinese,553.6,1981
5-9,both,1981-01-01,indian,144.2,1981
5-9,both,1981-01-01,other,40.4,1981
10-14,both,1981-01-01,overall,1735.2,1981
10-14,both,1981-01-01,bumi,1007.1,1981
10-14,both,1981-01-01,chinese,537.1,1981
10-14,both,1981-01-01,indian,142.5,1981
10-14,both,1981-01-01,other,48.5,1981
15-19,both,1981-01-01,overall,1619.8,1981
15-19,both,1981-01-01,bumi,930.6,1981
15-19,both,1981-01-01,chinese,502.7,1981
15-19,both,1981-01-01,indian,145.1,1981
15-19,both,1981-01-01,other,41.4,1981
20-24,both,1981-01-01,overall,1403.3,1981
20-24,both,1981-01-01,bumi,802.4,1981
20-24,both,1981-01-01,chinese,425.2,1981
20-24,both,1981-01-01,indian,134.8,1981
20-24,both,1981-01-01,other,40.9,1981
25-29,both,1981-01-01,overall,1176.9,1981
25-29,both,1981-01-01,bumi,655.0,1981
25-29,both,1981-01-01,chinese,380.8,1981
25-29,both,1981-01-01,indian,110.9,1981
25-29,both,1981-01-01,other,30.3,1981
30-34,both,1981-01-01,overall,940.6,1981
30-34,both,1981-01-01,bumi,510.5,1981
30-34,both,1981-01-01,chinese,326.0,1981
30-34,both,1981-01-01,indian,82.8,1981
30-34,both,1981-01-01,other,21.4,1981
35-39,both,1981-01-01,overall,755.4,1981
35-39,both,1981-01-01,bumi,409.8,1981
35-39,both,1981-01-01,chinese,270.3,1981
35-39,both,1981-01-01,indian,60.2,1981
35-39,both,1981-01-01,other,15.0,1981
40-44,both,1981-01-01,overall,632.9,1981
40-44,both,1981-01-01,bumi,347.3,1981
40-44,both,1981-01-01,chinese,223.0,1981
40-44,both,1981-01-01,indian,50.3,1981
40-44,both,1981-01-01,other,12.3,1981
45-49,both,1981-01-01,overall,532.8,1981
45-49,both,1981-01-01,bumi,301.1,1981
45-49,both,1981-01-01,chinese,178.4,1981
45-49,both,1981-01-01,indian,45.1,1981
45-49,both,1981-01-01,other,8.1,1981
50-54,both,1981-01-01,overall,437.1,1981
50-54,both,1981-01-01,bumi,254.6,1981
50-54,both,1981-01-01,chinese,137.0,1981
50-54,both,1981-01-01,indian,38.8,1981
50-54,both,1981-01-01,other,6.7,1981
55-59,both,1981-01-01,overall,351.8,1981
55-59,both,1981-01-01,bumi,208.4,1981
55-59,both,1981-01-01,chinese,106.9,1981
55-59,both,1981-01-01,indian,32.0,1981
55-59,both,1981-01-01,other,4.5,1981
60-64,both,1981-01-01,overall,275.5,1981
60-64,both,1981-01-01,bumi,155.8,1981
60-64,both,1981-01-01,chinese,90.7,1981
60-64,both,1981-01-01,indian,25.2,1981
60-64,both,1981-01-01,other,3.9,1981
65-69,both,1981-01-01,overall,205.2,1981
65-69,both,1981-01-01,bumi,104.8,1981
65-69,both,1981-01-01,chinese,80.4,1981
65-69,both,1981-01-01,indian,17.9,1981
65-69,both,1981-01-01,other,2.1,1981
70-74,both,1981-01-01,overall,142.5,1981
70-74,both,1981-01-01,bumi,65.7,1981
70-74,both,1981-01-01,chinese,64.2,1981
70-74,both,1981-01-01,indian,11.2,1981
70-74,both,1981-01-01,other,1.4,1981
75-79,both,1981-01-01,overall,87.6,1981
75-79,both,1981-01-01,bumi,34.4,1981
75-79,both,1981-01-01,chinese,47.6,1981
75-79,both,1981-01-01,indian,4.9,1981
75-79,both,1981-01-01,other,0.7,1981
80+,both,1981-01-01,overall,73.6,1981
80+,both,1981-01-01,bumi,37.2,1981
80+,both,1981-01-01,chinese,32.6,1981
80+,both,1981-01-01,indian,3.1,1981
80+,both,1981-01-01,other,0.7,1981
overall,female,1981-01-01,overall,7068.3,1981
overall,female,1981-01-01,bumi,4100.9,1981
overall,female,1981-01-01,chinese,2240.3,1981
overall,female,1981-01-01,indian,587.5,1981
overall,female,1981-01-01,other,139.6,1981
0-4,female,1981-01-01,overall,989.5,1981
0-4,female,1981-01-01,bumi,613.9,1981
0-4,female,1981-01-01,chinese,273.6,1981
0-4,female,1981-01-01,indian,80.6,1981
0-4,female,1981-01-01,other,21.4,1981
5-9,female,1981-01-01,overall,907.6,1981
5-9,female,1981-01-01,bumi,549.2,1981
5-9,female,1981-01-01,chinese,268.3,1981
5-9,female,1981-01-01,indian,71.0,1981
5-9,female,1981-01-01,other,19.1,1981
10-14,female,1981-01-01,overall,851.0,1981
10-14,female,1981-01-01,bumi,498.8,1981
10-14,female,1981-01-01,chinese,261.1,1981
10-14,female,1981-01-01,indian,69.8,1981
10-14,female,1981-01-01,other,21.2,1981
15-19,female,1981-01-01,overall,806.2,1981
15-19,female,1981-01-01,bumi,468.0,1981
15-19,female,1981-01-01,chinese,248.6,1981
15-19,female,1981-01-01,indian,71.5,1981
15-19,female,1981-01-01,other,18.2,1981
20-24,female,1981-01-01,overall,715.9,1981
20-24,female,1981-01-01,bumi,414.9,1981
20-24,female,1981-01-01,chinese,215.7,1981
20-24,female,1981-01-01,indian,68.4,1981
20-24,female,1981-01-01,other,16.9,1981
25-29,female,1981-01-01,overall,595.3,1981
25-29,female,1981-01-01,bumi,334.7,1981
25-29,female,1981-01-01,chinese,192.6,1981
25-29,female,1981-01-01,indian,55.8,1981
25-29,female,1981-01-01,other,12.2,1981
30-34,female,1981-01-01,overall,465.7,1981
30-34,female,1981-01-01,bumi,256.1,1981
30-34,female,1981-01-01,chinese,160.5,1981
30-34,female,1981-01-01,indian,40.7,1981
30-34,female,1981-01-01,other,8.3,1981
35-39,female,1981-01-01,overall,367.6,1981
35-39,female,1981-01-01,bumi,203.1,1981
35-39,female,1981-01-01,chinese,129.4,1981
35-39,female,1981-01-01,indian,29.2,1981
35-39,female,1981-01-01,other,5.9,1981
40-44,female,1981-01-01,overall,308.7,1981
40-44,female,1981-01-01,bumi,173.7,1981
40-44,female,1981-01-01,chinese,106.1,1981
40-44,female,1981-01-01,indian,24.4,1981
40-44,female,1981-01-01,other,4.6,1981
45-49,female,1981-01-01,overall,264.6,1981
45-49,female,1981-01-01,bumi,152.9,1981
45-49,female,1981-01-01,chinese,87.1,1981
45-49,female,1981-01-01,indian,21.5,1981
45-49,female,1981-01-01,other,3.1,1981
50-54,female,1981-01-01,overall,220.3,1981
50-54,female,1981-01-01,bumi,129.8,1981
50-54,female,1981-01-01,chinese,70.1,1981
50-54,female,1981-01-01,indian,17.4,1981
50-54,female,1981-01-01,other,2.9,1981
55-59,female,1981-01-01,overall,178.0,1981
55-59,female,1981-01-01,bumi,105.5,1981
55-59,female,1981-01-01,chinese,57.3,1981
55-59,female,1981-01-01,indian,13.4,1981
55-59,female,1981-01-01,other,1.8,1981
60-64,female,1981-01-01,overall,139.4,1981
60-64,female,1981-01-01,bumi,78.0,1981
60-64,female,1981-01-01,chinese,49.6,1981
60-64,female,1981-01-01,indian,10.0,1981
60-64,female,1981-01-01,other,1.8,1981
65-69,female,1981-01-01,overall,103.0,1981
65-69,female,1981-01-01,bumi,52.0,1981
65-69,female,1981-01-01,chinese,43.2,1981
65-69,female,1981-01-01,indian,6.9,1981
65-69,female,1981-01-01,other,0.9,1981
70-74,female,1981-01-01,overall,71.5,1981
70-74,female,1981-01-01,bumi,32.6,1981
70-74,female,1981-01-01,chinese,34.2,1981
70-74,female,1981-01-01,indian,4.1,1981
70-74,female,1981-01-01,other,0.6,1981
75-79,female,1981-01-01,overall,43.4,1981
75-79,female,1981-01-01,bumi,17.4,1981
75-79,female,1981-01-01,chinese,24.0,1981
75-79,female,1981-01-01,indian,1.6,1981
75-79,female,1981-01-01,other,0.4,1981
80+,female,1981-01-01,overall,40.7,1981
80+,female,1981-01-01,bumi,20.3,1981
80+,female,1981-01-01,chinese,18.8,1981
80+,female,1981-01-01,indian,1.1,1981
80+,female,1981-01-01,other,0.4,1981
overall,male,1981-01-01,overall,7188.6,1981
overall,male,1981-01-01,bumi,4099.7,1981
overall,male,1981-01-01,chinese,2280.8,1981
overall,male,1981-01-01,indian,625.2,1981
overall,male,1981-01-01,other,182.9,1981
0-4,male,1981-01-01,overall,1042.9,1981
0-4,male,1981-01-01,bumi,645.7,1981
0-4,male,1981-01-01,chinese,291.0,1981
0-4,male,1981-01-01,indian,83.4,1981
0-4,male,1981-01-01,other,22.8,1981
5-9,male,1981-01-01,overall,946.8,1981
5-9,male,1981-01-01,bumi,567.0,1981
5-9,male,1981-01-01,chinese,285.3,1981
5-9,male,1981-01-01,indian,73.2,1981
5-9,male,1981-01-01,other,21.3,1981
10-14,male,1981-01-01,overall,884.2,1981
10-14,male,1981-01-01,bumi,508.4,1981
10-14,male,1981-01-01,chinese,275.9,1981
10-14,male,1981-01-01,indian,72.6,1981
10-14,male,1981-01-01,other,27.3,1981
15-19,male,1981-01-01,overall,813.6,1981
15-19,male,1981-01-01,bumi,462.6,1981
15-19,male,1981-01-01,chinese,254.1,1981
15-19,male,1981-01-01,indian,73.6,1981
15-19,male,1981-01-01,other,23.2,1981
20-24,male,1981-01-01,overall,687.4,1981
20-24,male,1981-01-01,bumi,387.5,1981
20-24,male,1981-01-01,chinese,209.5,1981
20-24,male,1981-01-01,indian,66.4,1981
20-24,male,1981-01-01,other,24.0,1981
25-29,male,1981-01-01,overall,581.7,1981
25-29,male,1981-01-01,bumi,320.3,1981
25-29,male,1981-01-01,chinese,188.2,1981
25-29,male,1981-01-01,indian,55.1,1981
25-29,male,1981-01-01,other,18.1,1981
30-34,male,1981-01-01,overall,475.0,1981
30-34,male,1981-01-01,bumi,254.4,1981
30-34,male,1981-01-01,chinese,165.5,1981
30-34,male,1981-01-01,indian,42.0,1981
30-34,male,1981-01-01,other,13.1,1981
35-39,male,1981-01-01,overall,387.8,1981
35-39,male,1981-01-01,bumi,206.7,1981
35-39,male,1981-01-01,chinese,140.9,1981
35-39,male,1981-01-01,indian,31.0,1981
35-39,male,1981-01-01,other,9.2,1981
40-44,male,1981-01-01,overall,324.1,1981
40-44,male,1981-01-01,bumi,173.6,1981
40-44,male,1981-01-01,chinese,117.0,1981
40-44,male,1981-01-01,indian,25.9,1981
40-44,male,1981-01-01,other,7.7,1981
45-49,male,1981-01-01,overall,268.2,1981
45-49,male,1981-01-01,bumi,148.3,1981
45-49,male,1981-01-01,chinese,91.3,1981
45-49,male,1981-01-01,indian,23.6,1981
45-49,male,1981-01-01,other,5.0,1981
50-54,male,1981-01-01,overall,216.9,1981
50-54,male,1981-01-01,bumi,124.8,1981
50-54,male,1981-01-01,chinese,66.9,1981
50-54,male,1981-01-01,indian,21.3,1981
50-54,male,1981-01-01,other,3.8,1981
55-59,male,1981-01-01,overall,173.7,1981
55-59,male,1981-01-01,bumi,102.9,1981
55-59,male,1981-01-01,chinese,49.6,1981
55-59,male,1981-01-01,indian,18.6,1981
55-59,male,1981-01-01,other,2.7,1981
60-64,male,1981-01-01,overall,136.2,1981
60-64,male,1981-01-01,bumi,77.8,1981
60-64,male,1981-01-01,chinese,41.1,1981
60-64,male,1981-01-01,indian,15.1,1981
60-64,male,1981-01-01,other,2.1,1981
