age,sex,date,state,district,ethnicity,population,year
85+,both,2021-01-01,Kedah,Langkawi,other_citizen,0.0,2021
85+,both,2021-01-01,Kedah,Langkawi,other_noncitizen,0.0,2021
overall,female,2021-01-01,Kedah,Langkawi,overall,46.0,2021
overall,female,2021-01-01,Kedah,Langkawi,bumi_malay,41.1,2021
overall,female,2021-01-01,Kedah,Langkawi,bumi_other,0.2,2021
overall,female,2021-01-01,Kedah,Langkawi,chinese,2.2,2021
overall,female,2021-01-01,Kedah,Langkawi,indian,0.9,2021
overall,female,2021-01-01,Kedah,Langkawi,other_citizen,0.5,2021
overall,female,2021-01-01,Kedah,Langkawi,other_noncitizen,1.2,2021
0-4,female,2021-01-01,Kedah,Langkawi,overall,4.1,2021
0-4,female,2021-01-01,Kedah,Langkawi,bumi_malay,3.7,2021
0-4,female,2021-01-01,Kedah,Langkawi,bumi_other,0.0,2021
0-4,female,2021-01-01,Kedah,Langkawi,chinese,0.1,2021
0-4,female,2021-01-01,Kedah,Langkawi,indian,0.1,2021
0-4,female,2021-01-01,Kedah,Langkawi,other_citizen,0.0,2021
0-4,female,2021-01-01,Kedah,Langkawi,other_noncitizen,0.3,2021
5-9,female,2021-01-01,Kedah,Langkawi,overall,4.1,2021
5-9,female,2021-01-01,Kedah,Langkawi,bumi_malay,3.6,2021
5-9,female,2021-01-01,Kedah,Langkawi,bumi_other,0.0,2021
5-9,female,2021-01-01,Kedah,Langkawi,chinese,0.2,2021
5-9,female,2021-01-01,Kedah,Langkawi,indian,0.1,2021
5-9,female,2021-01-01,Kedah,Langkawi,other_citizen,0.1,2021
5-9,female,2021-01-01,Kedah,Langkawi,other_noncitizen,0.1,2021
10-14,female,2021-01-01,Kedah,Langkawi,overall,3.8,2021
10-14,female,2021-01-01,Kedah,Langkawi,bumi_malay,3.4,2021
10-14,female,2021-01-01,Kedah,Langkawi,bumi_other,0.0,2021
10-14,female,2021-01-01,Kedah,Langkawi,chinese,0.2,2021
10-14,female,2021-01-01,Kedah,Langkawi,indian,0.1,2021
10-14,female,2021-01-01,Kedah,Langkawi,other_citizen,0.0,2021
10-14,female,2021-01-01,Kedah,Langkawi,other_noncitizen,0.1,2021
15-19,female,2021-01-01,Kedah,Langkawi,overall,3.8,2021
15-19,female,2021-01-01,Kedah,Langkawi,bumi_malay,3.5,2021
15-19,female,2021-01-01,Kedah,Langkawi,bumi_other,0.0,2021
15-19,female,2021-01-01,Kedah,Langkawi,chinese,0.2,2021
15-19,female,2021-01-01,Kedah,Langkawi,indian,0.1,2021
15-19,female,2021-01-01,Kedah,Langkawi,other_citizen,0.0,2021
15-19,female,2021-01-01,Kedah,Langkawi,other_noncitizen,0.1,2021
20-24,female,2021-01-01,Kedah,Langkawi,overall,4.5,2021
20-24,female,2021-01-01,Kedah,Langkawi,bumi_malay,4.0,2021
20-24,female,2021-01-01,Kedah,Langkawi,bumi_other,0.0,2021
20-24,female,2021-01-01,Kedah,Langkawi,chinese,0.2,2021
20-24,female,2021-01-01,Kedah,Langkawi,indian,0.1,2021
20-24,female,2021-01-01,Kedah,Langkawi,other_citizen,0.1,2021
20-24,female,2021-01-01,Kedah,Langkawi,other_noncitizen,0.1,2021
25-29,female,2021-01-01,Kedah,Langkawi,overall,4.1,2021
25-29,female,2021-01-01,Kedah,Langkawi,bumi_malay,3.7,2021
25-29,female,2021-01-01,Kedah,Langkawi,bumi_other,0.0,2021
25-29,female,2021-01-01,Kedah,Langkawi,chinese,0.2,2021
25-29,female,2021-01-01,Kedah,Langkawi,indian,0.1,2021
25-29,female,2021-01-01,Kedah,Langkawi,other_citizen,0.0,2021
25-29,female,2021-01-01,Kedah,Langkawi,other_noncitizen,0.1,2021
30-34,female,2021-01-01,Kedah,Langkawi,overall,3.3,2021
30-34,female,2021-01-01,Kedah,Langkawi,bumi_malay,2.9,2021
30-34,female,2021-01-01,Kedah,Langkawi,bumi_other,0.0,2021
30-34,female,2021-01-01,Kedah,Langkawi,chinese,0.2,2021
30-34,female,2021-01-01,Kedah,Langkawi,indian,0.1,2021
30-34,female,2021-01-01,Kedah,Langkawi,other_citizen,0.1,2021
30-34,female,2021-01-01,Kedah,Langkawi,other_noncitizen,0.1,2021
35-39,female,2021-01-01,Kedah,Langkawi,overall,3.0,2021
35-39,female,2021-01-01,Kedah,Langkawi,bumi_malay,2.7,2021
35-39,female,2021-01-01,Kedah,Langkawi,bumi_other,0.0,2021
35-39,female,2021-01-01,Kedah,Langkawi,chinese,0.1,2021
35-39,female,2021-01-01,Kedah,Langkawi,indian,0.1,2021
35-39,female,2021-01-01,Kedah,Langkawi,other_citizen,0.1,2021
35-39,female,2021-01-01,Kedah,Langkawi,other_noncitizen,0.1,2021
40-44,female,2021-01-01,Kedah,Langkawi,overall,2.5,2021
40-44,female,2021-01-01,Kedah,Langkawi,bumi_malay,2.3,2021
40-44,female,2021-01-01,Kedah,Langkawi,bumi_other,0.0,2021
40-44,female,2021-01-01,Kedah,Langkawi,chinese,0.1,2021
40-44,female,2021-01-01,Kedah,Langkawi,indian,0.1,2021
40-44,female,2021-01-01,Kedah,Langkawi,other_citizen,0.0,2021
40-44,female,2021-01-01,Kedah,Langkawi,other_noncitizen,0.1,2021
45-49,female,2021-01-01,Kedah,Langkawi,overall,2.5,2021
45-49,female,2021-01-01,Kedah,Langkawi,bumi_malay,2.2,2021
45-49,female,2021-01-01,Kedah,Langkawi,bumi_other,0.0,2021
45-49,female,2021-01-01,Kedah,Langkawi,chinese,0.1,2021
45-49,female,2021-01-01,Kedah,Langkawi,indian,0.1,2021
45-49,female,2021-01-01,Kedah,Langkawi,other_citizen,0.0,2021
45-49,female,2021-01-01,Kedah,Langkawi,other_noncitizen,0.0,2021
50-54,female,2021-01-01,Kedah,Langkawi,overall,2.5,2021
50-54,female,2021-01-01,Kedah,Langkawi,bumi_malay,2.2,2021
50-54,female,2021-01-01,Kedah,Langkawi,bumi_other,0.1,2021
50-54,female,2021-01-01,Kedah,Langkawi,chinese,0.1,2021
50-54,female,2021-01-01,Kedah,Langkawi,indian,0.1,2021
50-54,female,2021-01-01,Kedah,Langkawi,other_citizen,0.0,2021
50-54,female,2021-01-01,Kedah,Langkawi,other_noncitizen,0.0,2021
55-59,female,2021-01-01,Kedah,Langkawi,overall,2.2,2021
55-59,female,2021-01-01,Kedah,Langkawi,bumi_malay,2.0,2021
55-59,female,2021-01-01,Kedah,Langkawi,bumi_other,0.0,2021
55-59,female,2021-01-01,Kedah,Langkawi,chinese,0.1,2021
55-59,female,2021-01-01,Kedah,Langkawi,indian,0.1,2021
55-59,female,2021-01-01,Kedah,Langkawi,other_citizen,0.0,2021
55-59,female,2021-01-01,Kedah,Langkawi,other_noncitizen,0.0,2021
60-64,female,2021-01-01,Kedah,Langkawi,overall,2.0,2021
60-64,female,2021-01-01,Kedah,Langkawi,bumi_malay,1.8,2021
60-64,female,2021-01-01,Kedah,Langkawi,bumi_other,0.0,2021
60-64,female,2021-01-01,Kedah,Langkawi,chinese,0.1,2021
60-64,female,2021-01-01,Kedah,Langkawi,indian,0.0,2021
60-64,female,2021-01-01,Kedah,Langkawi,other_citizen,0.0,2021
60-64,female,2021-01-01,Kedah,Langkawi,other_noncitizen,0.0,2021
65-69,female,2021-01-01,Kedah,Langkawi,overall,1.4,2021
65-69,female,2021-01-01,Kedah,Langkawi,bumi_malay,1.2,2021
65-69,female,2021-01-01,Kedah,Langkawi,bumi_other,0.0,2021
65-69,female,2021-01-01,Kedah,Langkawi,chinese,0.1,2021
65-69,female,2021-01-01,Kedah,Langkawi,indian,0.0,2021
65-69,female,2021-01-01,Kedah,Langkawi,other_citizen,0.0,2021
65-69,female,2021-01-01,Kedah,Langkawi,other_noncitizen,0.0,2021
70-74,female,2021-01-01,Kedah,Langkawi,overall,0.9,2021
70-74,female,2021-01-01,Kedah,Langkawi,bumi_malay,0.8,2021
70-74,female,2021-01-01,Kedah,Langkawi,bumi_other,0.0,2021
70-74,female,2021-01-01,Kedah,Langkawi,chinese,0.0,2021
70-74,female,2021-01-01,Kedah,Langkawi,indian,0.0,2021
70-74,female,2021-01-01,Kedah,Langkawi,other_citizen,0.0,2021
70-74,female,2021-01-01,Kedah,Langkawi,other_noncitizen,0.0,2021
80-84,both,2021-01-01,Kedah,Langkawi,other_citizen,0.0,2021
80-84,both,2021-01-01,Kedah,Langkawi,other_noncitizen,0.0,2021
85+,both,2021-01-01,Kedah,Langkawi,overall,0.5,2021
85+,both,2021-01-01,Kedah,Langkawi,bumi_malay,0.4,2021
85+,both,2021-01-01,Kedah,Langkawi,bumi_other,0.0,2021
85+,both,2021-01-01,Kedah,Langkawi,chinese,0.0,2021
overall,both,2020-01-01,Johor,Batu Pahat,overall,495.3,2020
overall,both,2020-01-01,Johor,Batu Pahat,bumi_malay,311.3,2020
overall,both,2020-01-01,Johor,Batu Pahat,bumi_other,5.1,2020
overall,both,2020-01-01,Johor,Batu Pahat,chinese,140.1,2020
overall,both,2020-01-01,Johor,Batu Pahat,indian,6.9,2020
overall,both,2020-01-01,Johor,Batu Pahat,other_citizen,1.8,2020
overall,both,2020-01-01,Johor,Batu Pahat,other_noncitizen,30.2,2020
0-4,both,2020-01-01,Johor,Batu Pahat,overall,30.3,2020
0-4,both,2020-01-01,Johor,Batu Pahat,bumi_malay,21.3,2020
0-4,both,2020-01-01,Johor,Batu Pahat,bumi_other,0.5,2020
0-4,both,2020-01-01,Johor,Batu Pahat,chinese,8.2,2020
0-4,both,2020-01-01,Johor,Batu Pahat,indian,0.3,2020
0-4,both,2020-01-01,Johor,Batu Pahat,other_citizen,0.0,2020
0-4,both,2020-01-01,Johor,Batu Pahat,other_noncitizen,0.1,2020
5-9,both,2020-01-01,Johor,Batu Pahat,overall,35.6,2020
5-9,both,2020-01-01,Johor,Batu Pahat,bumi_malay,24.4,2020
5-9,both,2020-01-01,Johor,Batu Pahat,bumi_other,0.4,2020
5-9,both,2020-01-01,Johor,Batu Pahat,chinese,10.3,2020
5-9,both,2020-01-01,Johor,Batu Pahat,indian,0.4,2020
5-9,both,2020-01-01,Johor,Batu Pahat,other_citizen,0.1,2020
5-9,both,2020-01-01,Johor,Batu Pahat,other_noncitizen,0.1,2020
10-14,both,2020-01-01,Johor,Batu Pahat,overall,40.0,2020
10-14,both,2020-01-01,Johor,Batu Pahat,bumi_malay,26.9,2020
10-14,both,2020-01-01,Johor,Batu Pahat,bumi_other,0.4,2020
10-14,both,2020-01-01,Johor,Batu Pahat,chinese,12.1,2020
10-14,both,2020-01-01,Johor,Batu Pahat,indian,0.5,2020
10-14,both,2020-01-01,Johor,Batu Pahat,other_citizen,0.1,2020
10-14,both,2020-01-01,Johor,Batu Pahat,other_noncitizen,0.0,2020
15-19,both,2020-01-01,Johor,Batu Pahat,overall,45.0,2020
15-19,both,2020-01-01,Johor,Batu Pahat,bumi_malay,30.2,2020
15-19,both,2020-01-01,Johor,Batu Pahat,bumi_other,0.6,2020
15-19,both,2020-01-01,Johor,Batu Pahat,chinese,11.6,2020
15-19,both,2020-01-01,Johor,Batu Pahat,indian,0.7,2020
15-19,both,2020-01-01,Johor,Batu Pahat,other_citizen,0.5,2020
15-19,both,2020-01-01,Johor,Batu Pahat,other_noncitizen,1.5,2020
20-24,both,2020-01-01,Johor,Batu Pahat,overall,49.0,2020
20-24,both,2020-01-01,Johor,Batu Pahat,bumi_malay,29.4,2020
20-24,both,2020-01-01,Johor,Batu Pahat,bumi_other,0.4,2020
20-24,both,2020-01-01,Johor,Batu Pahat,chinese,12.1,2020
20-24,both,2020-01-01,Johor,Batu Pahat,indian,0.6,2020
20-24,both,2020-01-01,Johor,Batu Pahat,other_citizen,0.3,2020
20-24,both,2020-01-01,Johor,Batu Pahat,other_noncitizen,6.1,2020
25-29,both,2020-01-01,Johor,Batu Pahat,overall,45.3,2020
25-29,both,2020-01-01,Johor,Batu Pahat,bumi_malay,26.4,2020
25-29,both,2020-01-01,Johor,Batu Pahat,bumi_other,0.3,2020
25-29,both,2020-01-01,Johor,Batu Pahat,chinese,11.3,2020
25-29,both,2020-01-01,Johor,Batu Pahat,indian,0.6,2020
25-29,both,2020-01-01,Johor,Batu Pahat,other_citizen,0.1,2020
25-29,both,2020-01-01,Johor,Batu Pahat,other_noncitizen,6.6,2020
30-34,both,2020-01-01,Johor,Batu Pahat,overall,43.1,2020
30-34,both,2020-01-01,Johor,Batu Pahat,bumi_malay,26.7,2020
30-34,both,2020-01-01,Johor,Batu Pahat,bumi_other,0.5,2020
30-34,both,2020-01-01,Johor,Batu Pahat,chinese,10.8,2020
30-34,both,2020-01-01,Johor,Batu Pahat,indian,0.6,2020
30-34,both,2020-01-01,Johor,Batu Pahat,other_citizen,0.1,2020
30-34,both,2020-01-01,Johor,Batu Pahat,other_noncitizen,4.4,2020
35-39,both,2020-01-01,Johor,Batu Pahat,overall,40.4,2020
35-39,both,2020-01-01,Johor,Batu Pahat,bumi_malay,25.4,2020
35-39,both,2020-01-01,Johor,Batu Pahat,bumi_other,0.6,2020
35-39,both,2020-01-01,Johor,Batu Pahat,chinese,10.7,2020
35-39,both,2020-01-01,Johor,Batu Pahat,indian,0.7,2020
35-39,both,2020-01-01,Johor,Batu Pahat,other_citizen,0.1,2020
35-39,both,2020-01-01,Johor,Batu Pahat,other_noncitizen,3.1,2020
40-44,both,2020-01-01,Johor,Batu Pahat,overall,32.7,2020
40-44,both,2020-01-01,Johor,Batu Pahat,bumi_malay,19.5,2020
40-44,both,2020-01-01,Johor,Batu Pahat,bumi_other,0.4,2020
40-44,both,2020-01-01,Johor,Batu Pahat,chinese,10.0,2020
40-44,both,2020-01-01,Johor,Batu Pahat,indian,0.6,2020
40-44,both,2020-01-01,Johor,Batu Pahat,other_citizen,0.2,2020
40-44,both,2020-01-01,Johor,Batu Pahat,other_noncitizen,2.1,2020
45-49,both,2020-01-01,Johor,Batu Pahat,overall,29.7,2020
45-49,both,2020-01-01,Johor,Batu Pahat,bumi_malay,17.6,2020
45-49,both,2020-01-01,Johor,Batu Pahat,bumi_other,0.3,2020
45-49,both,2020-01-01,Johor,Batu Pahat,chinese,9.7,2020
45-49,both,2020-01-01,Johor,Batu Pahat,indian,0.5,2020
45-49,both,2020-01-01,Johor,Batu Pahat,other_citizen,0.1,2020
45-49,both,2020-01-01,Johor,Batu Pahat,other_noncitizen,1.5,2020
50-54,both,2020-01-01,Johor,Batu Pahat,overall,27.1,2020
50-54,both,2020-01-01,Johor,Batu Pahat,bumi_malay,16.4,2020
50-54,both,2020-01-01,Johor,Batu Pahat,bumi_other,0.2,2020
50-54,both,2020-01-01,Johor,Batu Pahat,chinese,9.1,2020
50-54,both,2020-01-01,Johor,Batu Pahat,indian,0.4,2020
50-54,both,2020-01-01,Johor,Batu Pahat,other_citizen,0.1,2020
50-54,both,2020-01-01,Johor,Batu Pahat,other_noncitizen,1.0,2020
55-59,both,2020-01-01,Johor,Batu Pahat,overall,24.3,2020
55-59,both,2020-01-01,Johor,Batu Pahat,bumi_malay,14.9,2020
55-59,both,2020-01-01,Johor,Batu Pahat,bumi_other,0.2,2020
55-59,both,2020-01-01,Johor,Batu Pahat,chinese,8.1,2020
55-59,both,2020-01-01,Johor,Batu Pahat,indian,0.4,2020
55-59,both,2020-01-01,Johor,Batu Pahat,other_citizen,0.1,2020
55-59,both,2020-01-01,Johor,Batu Pahat,other_noncitizen,0.8,2020
60-64,both,2020-01-01,Johor,Batu Pahat,overall,20.3,2020
60-64,both,2020-01-01,Johor,Batu Pahat,bumi_malay,12.2,2020
60-64,both,2020-01-01,Johor,Batu Pahat,bumi_other,0.1,2020
60-64,both,2020-01-01,Johor,Batu Pahat,chinese,7.1,2020
60-64,both,2020-01-01,Johor,Batu Pahat,indian,0.3,2020
60-64,both,2020-01-01,Johor,Batu Pahat,other_citizen,0.1,2020
60-64,both,2020-01-01,Johor,Batu Pahat,other_noncitizen,0.5,2020
65-69,both,2020-01-01,Johor,Batu Pahat,overall,12.7,2020
65-69,both,2020-01-01,Johor,Batu Pahat,bumi_malay,8.0,2020
65-69,both,2020-01-01,Johor,Batu Pahat,bumi_other,0.1,2020
65-69,both,2020-01-01,Johor,Batu Pahat,chinese,3.3,2020
65-69,both,2020-01-01,Johor,Batu Pahat,indian,0.2,2020
65-69,both,2020-01-01,Johor,Batu Pahat,other_citizen,0.1,2020
65-69,both,2020-01-01,Johor,Batu Pahat,other_noncitizen,0.9,2020
70-74,both,2020-01-01,Johor,Batu Pahat,overall,8.8,2020
70-74,both,2020-01-01,Johor,Batu Pahat,bumi_malay,5.4,2020
70-74,both,2020-01-01,Johor,Batu Pahat,bumi_other,0.1,2020
70-74,both,2020-01-01,Johor,Batu Pahat,chinese,2.6,2020
70-74,both,2020-01-01,Johor,Batu Pahat,indian,0.1,2020
70-74,both,2020-01-01,Johor,Batu Pahat,other_citizen,0.0,2020
70-74,both,2020-01-01,Johor,Batu Pahat,other_noncitizen,0.6,2020
75-79,both,2020-01-01,Johor,Batu Pahat,overall,5.1,2020
75-79,both,2020-01-01,Johor,Batu Pahat,bumi_malay,3.0,2020
75-79,both,2020-01-01,Johor,Batu Pahat,bumi_other,0.1,2020
75-79,both,2020-01-01,Johor,Batu Pahat,chinese,1.6,2020
75-79,both,2020-01-01,Johor,Batu Pahat,indian,0.1,2020
75-79,both,2020-01-01,Johor,Batu Pahat,other_citizen,0.0,2020
75-79,both,2020-01-01,Johor,Batu Pahat,other_noncitizen,0.3,2020
80-84,both,2020-01-01,Johor,Batu Pahat,overall,3.3,2020
80-84,both,2020-01-01,Johor,Batu Pahat,bumi_malay,1.8,2020
80-84,both,2020-01-01,Johor,Batu Pahat,bumi_other,0.0,2020
80-84,both,2020-01-01,Johor,Batu Pahat,chinese,1.0,2020
80-84,both,2020-01-01,Johor,Batu Pahat,indian,0.0,2020
80-84,both,2020-01-01,Johor,Batu Pahat,other_citizen,0.0,2020
80-84,both,2020-01-01,Johor,Batu Pahat,other_noncitizen,0.3,2020
85+,both,2020-01-01,Johor,Batu Pahat,overall,2.6,2020
85+,both,2020-01-01,Johor,Batu Pahat,bumi_malay,1.6,2020
85+,both,2020-01-01,Johor,Batu Pahat,bumi_other,0.1,2020
85+,both,2020-01-01,Johor,Batu Pahat,chinese,0.6,2020
85+,both,2020-01-01,Johor,Batu Pahat,indian,0.0,2020
85+,both,2020-01-01,Johor,Batu Pahat,other_citizen,0.0,2020
85+,both,2020-01-01,Johor,Batu Pahat,other_noncitizen,0.4,2020
overall,female,2020-01-01,Johor,Batu Pahat,overall,233.7,2020
overall,female,2020-01-01,Johor,Batu Pahat,bumi_malay,154.3,2020
overall,female,2020-01-01,Johor,Batu Pahat,bumi_other,2.5,2020
overall,female,2020-01-01,Johor,Batu Pahat,chinese,68.5,2020
overall,female,2020-01-01,Johor,Batu Pahat,indian,3.2,2020
overall,female,2020-01-01,Johor,Batu Pahat,other_citizen,0.5,2020
overall,female,2020-01-01,Johor,Batu Pahat,other_noncitizen,4.6,2020
0-4,female,2020-01-01,Johor,Batu Pahat,overall,15.3,2020
0-4,female,2020-01-01,Johor,Batu Pahat,bumi_malay,10.6,2020
0-4,female,2020-01-01,Johor,Batu Pahat,bumi_other,0.2,2020
0-4,female,2020-01-01,Johor,Batu Pahat,chinese,4.2,2020
0-4,female,2020-01-01,Johor,Batu Pahat,indian,0.2,2020
0-4,female,2020-01-01,Johor,Batu Pahat,other_citizen,0.0,2020
0-4,female,2020-01-01,Johor,Batu Pahat,other_noncitizen,0.0,2020
5-9,female,2020-01-01,Johor,Batu Pahat,overall,17.1,2020
5-9,female,2020-01-01,Johor,Batu Pahat,bumi_malay,11.8,2020
5-9,female,2020-01-01,Johor,Batu Pahat,bumi_other,0.2,2020
5-9,female,2020-01-01,Johor,Batu Pahat,chinese,4.9,2020
5-9,female,2020-01-01,Johor,Batu Pahat,indian,0.2,2020
5-9,female,2020-01-01,Johor,Batu Pahat,other_citizen,0.0,2020
5-9,female,2020-01-01,Johor,Batu Pahat,other_noncitizen,0.0,2020
10-14,female,2020-01-01,Johor,Batu Pahat,overall,19.4,2020
10-14,female,2020-01-01,Johor,Batu Pahat,bumi_malay,13.2,2020
10-14,female,2020-01-01,Johor,Batu Pahat,bumi_other,0.2,2020
10-14,female,2020-01-01,Johor,Batu Pahat,chinese,5.8,2020
10-14,female,2020-01-01,Johor,Batu Pahat,indian,0.2,2020
10-14,female,2020-01-01,Johor,Batu Pahat,other_citizen,0.0,2020
10-14,female,2020-01-01,Johor,Batu Pahat,other_noncitizen,0.0,2020
15-19,female,2020-01-01,Johor,Batu Pahat,overall,21.5,2020
15-19,female,2020-01-01,Johor,Batu Pahat,bumi_malay,14.8,2020
15-19,female,2020-01-01,Johor,Batu Pahat,bumi_other,0.3,2020
15-19,female,2020-01-01,Johor,Batu Pahat,chinese,5.7,2020
15-19,female,2020-01-01,Johor,Batu Pahat,indian,0.3,2020
15-19,female,2020-01-01,Johor,Batu Pahat,other_citizen,0.1,2020
15-19,female,2020-01-01,Johor,Batu Pahat,other_noncitizen,0.2,2020
20-24,female,2020-01-01,Johor,Batu Pahat,overall,21.5,2020
20-24,female,2020-01-01,Johor,Batu Pahat,bumi_malay,14.3,2020
20-24,female,2020-01-01,Johor,Batu Pahat,bumi_other,0.2,2020
20-24,female,2020-01-01,Johor,Batu Pahat,chinese,5.8,2020
20-24,female,2020-01-01,Johor,Batu Pahat,indian,0.3,2020
20-24,female,2020-01-01,Johor,Batu Pahat,other_citizen,0.1,2020
20-24,female,2020-01-01,Johor,Batu Pahat,other_noncitizen,0.8,2020
25-29,female,2020-01-01,Johor,Batu Pahat,overall,19.8,2020
25-29,female,2020-01-01,Johor,Batu Pahat,bumi_malay,13.0,2020
25-29,female,2020-01-01,Johor,Batu Pahat,bumi_other,0.2,2020
25-29,female,2020-01-01,Johor,Batu Pahat,chinese,5.6,2020
25-29,female,2020-01-01,Johor,Batu Pahat,indian,0.3,2020
25-29,female,2020-01-01,Johor,Batu Pahat,other_citizen,0.1,2020
25-29,female,2020-01-01,Johor,Batu Pahat,other_noncitizen,0.6,2020
30-34,female,2020-01-01,Johor,Batu Pahat,overall,19.4,2020
30-34,female,2020-01-01,Johor,Batu Pahat,bumi_malay,13.1,2020
30-34,female,2020-01-01,Johor,Batu Pahat,bumi_other,0.2,2020
30-34,female,2020-01-01,Johor,Batu Pahat,chinese,5.3,2020
30-34,female,2020-01-01,Johor,Batu Pahat,indian,0.2,2020
30-34,female,2020-01-01,Johor,Batu Pahat,other_citizen,0.0,2020
30-34,female,2020-01-01,Johor,Batu Pahat,other_noncitizen,0.5,2020
35-39,female,2020-01-01,Johor,Batu Pahat,overall,18.9,2020
35-39,female,2020-01-01,Johor,Batu Pahat,bumi_malay,12.7,2020
35-39,female,2020-01-01,Johor,Batu Pahat,bumi_other,0.3,2020
35-39,female,2020-01-01,Johor,Batu Pahat,chinese,5.2,2020
35-39,female,2020-01-01,Johor,Batu Pahat,indian,0.3,2020
35-39,female,2020-01-01,Johor,Batu Pahat,other_citizen,0.0,2020
35-39,female,2020-01-01,Johor,Batu Pahat,other_noncitizen,0.4,2020
40-44,female,2020-01-01,Johor,Batu Pahat,overall,15.1,2020
40-44,female,2020-01-01,Johor,Batu Pahat,bumi_malay,9.6,2020
40-44,female,2020-01-01,Johor,Batu Pahat,bumi_other,0.1,2020
40-44,female,2020-01-01,Johor,Batu Pahat,chinese,4.9,2020
40-44,female,2020-01-01,Johor,Batu Pahat,indian,0.3,2020
40-44,female,2020-01-01,Johor,Batu Pahat,other_citizen,0.0,2020
40-44,female,2020-01-01,Johor,Batu Pahat,other_noncitizen,0.3,2020
45-49,female,2020-01-01,Johor,Batu Pahat,overall,14.2,2020
45-49,female,2020-01-01,Johor,Batu Pahat,bumi_malay,8.9,2020
45-49,female,2020-01-01,Johor,Batu Pahat,bumi_other,0.1,2020
45-49,female,2020-01-01,Johor,Batu Pahat,chinese,4.8,2020
45-49,female,2020-01-01,Johor,Batu Pahat,indian,0.2,2020
45-49,female,2020-01-01,Johor,Batu Pahat,other_citizen,0.0,2020
45-49,female,2020-01-01,Johor,Batu Pahat,other_noncitizen,0.2,2020
50-54,female,2020-01-01,Johor,Batu Pahat,overall,13.4,2020
50-54,female,2020-01-01,Johor,Batu Pahat,bumi_malay,8.4,2020
50-54,female,2020-01-01,Johor,Batu Pahat,bumi_other,0.1,2020
50-54,female,2020-01-01,Johor,Batu Pahat,chinese,4.5,2020
50-54,female,2020-01-01,Johor,Batu Pahat,indian,0.2,2020
50-54,female,2020-01-01,Johor,Batu Pahat,other_citizen,0.0,2020
50-54,female,2020-01-01,Johor,Batu Pahat,other_noncitizen,0.2,2020
55-59,female,2020-01-01,Johor,Batu Pahat,overall,11.7,2020
55-59,female,2020-01-01,Johor,Batu Pahat,bumi_malay,7.5,2020
55-59,female,2020-01-01,Johor,Batu Pahat,bumi_other,0.1,2020
55-59,female,2020-01-01,Johor,Batu Pahat,chinese,3.8,2020
55-59,female,2020-01-01,Johor,Batu Pahat,indian,0.2,2020
55-59,female,2020-01-01,Johor,Batu Pahat,other_citizen,0.0,2020
55-59,female,2020-01-01,Johor,Batu Pahat,other_noncitizen,0.1,2020
60-64,female,2020-01-01,Johor,Batu Pahat,overall,10.1,2020
60-64,female,2020-01-01,Johor,Batu Pahat,bumi_malay,6.3,2020
60-64,female,2020-01-01,Johor,Batu Pahat,bumi_other,0.1,2020
60-64,female,2020-01-01,Johor,Batu Pahat,chinese,3.6,2020
60-64,female,2020-01-01,Johor,Batu Pahat,indian,0.1,2020
60-64,female,2020-01-01,Johor,Batu Pahat,other_citizen,0.0,2020
60-64,female,2020-01-01,Johor,Batu Pahat,other_noncitizen,0.1,2020
65-69,female,2020-01-01,Johor,Batu Pahat,overall,6.4,2020
65-69,female,2020-01-01,Johor,Batu Pahat,bumi_malay,4.1,2020
65-69,female,2020-01-01,Johor,Batu Pahat,bumi_other,0.1,2020
65-69,female,2020-01-01,Johor,Batu Pahat,chinese,1.6,2020
65-69,female,2020-01-01,Johor,Batu Pahat,indian,0.1,2020
65-69,female,2020-01-01,Johor,Batu Pahat,other_citizen,0.1,2020
65-69,female,2020-01-01,Johor,Batu Pahat,other_noncitizen,0.5,2020
70-74,female,2020-01-01,Johor,Batu Pahat,overall,4.5,2020
70-74,female,2020-01-01,Johor,Batu Pahat,bumi_malay,2.8,2020
70-74,female,2020-01-01,Johor,Batu Pahat,bumi_other,0.0,2020
70-74,female,2020-01-01,Johor,Batu Pahat,chinese,1.3,2020
70-74,female,2020-01-01,Johor,Batu Pahat,indian,0.1,2020
70-74,female,2020-01-01,Johor,Batu Pahat,other_citizen,0.0,2020
70-74,female,2020-01-01,Johor,Batu Pahat,other_noncitizen,0.3,2020
75-79,female,2020-01-01,Johor,Batu Pahat,overall,2.6,2020
75-79,female,2020-01-01,Johor,Batu Pahat,bumi_malay,1.6,2020
75-79,female,2020-01-01,Johor,Batu Pahat,bumi_other,0.0,2020
75-79,female,2020-01-01,Johor,Batu Pahat,chinese,0.8,2020
75-79,female,2020-01-01,Johor,Batu Pahat,indian,0.0,2020
75-79,female,2020-01-01,Johor,Batu Pahat,other_citizen,0.0,2020
75-79,female,2020-01-01,Johor,Batu Pahat,other_noncitizen,0.2,2020
80-84,female,2020-01-01,Johor,Batu Pahat,overall,1.7,2020
80-84,female,2020-01-01,Johor,Batu Pahat,bumi_malay,1.0,2020
80-84,female,2020-01-01,Johor,Batu Pahat,bumi_other,0.0,2020
80-84,female,2020-01-01,Johor,Batu Pahat,chinese,0.5,2020
80-84,female,2020-01-01,Johor,Batu Pahat,indian,0.0,2020
80-84,female,2020-01-01,Johor,Batu Pahat,other_citizen,0.0,2020
80-84,female,2020-01-01,Johor,Batu Pahat,other_noncitizen,0.2,2020
85+,female,2020-01-01,Johor,Batu Pahat,overall,1.2,2020
85+,female,2020-01-01,Johor,Batu Pahat,bumi_malay,0.8,2020
85+,female,2020-01-01,Johor,Batu Pahat,bumi_other,0.0,2020
85+,female,2020-01-01,Johor,Batu Pahat,chinese,0.2,2020
85+,female,2020-01-01,Johor,Batu Pahat,indian,0.0,2020
85+,female,2020-01-01,Johor,Batu Pahat,other_citizen,0.0,2020
85+,female,2020-01-01,Johor,Batu Pahat,other_noncitizen,0.1,2020
overall,male,2020-01-01,Johor,Batu Pahat,overall,261.6,2020
overall,male,2020-01-01,Johor,Batu Pahat,bumi_malay,156.9,2020
overall,male,2020-01-01,Johor,Batu Pahat,bumi_other,2.6,2020
overall,male,2020-01-01,Johor,Batu Pahat,chinese,71.6,2020
overall,male,2020-01-01,Johor,Batu Pahat,indian,3.7,2020
overall,male,2020-01-01,Johor,Batu Pahat,other_citizen,1.2,2020
overall,male,2020-01-01,Johor,Batu Pahat,other_noncitizen,25.6,2020
0-4,male,2020-01-01,Johor,Batu Pahat,overall,15.0,2020
0-4,male,2020-01-01,Johor,Batu Pahat,bumi_malay,10.6,2020
0-4,male,2020-01-01,Johor,Batu Pahat,bumi_other,0.2,2020
0-4,male,2020-01-01,Johor,Batu Pahat,chinese,4.0,2020
0-4,male,2020-01-01,Johor,Batu Pahat,indian,0.1,2020
0-4,male,2020-01-01,Johor,Batu Pahat,other_citizen,0.0,2020
0-4,male,2020-01-01,Johor,Batu Pahat,other_noncitizen,0.0,2020
5-9,male,2020-01-01,Johor,Batu Pahat,overall,18.5,2020
5-9,male,2020-01-01,Johor,Batu Pahat,bumi_malay,12.6,2020
5-9,male,2020-01-01,Johor,Batu Pahat,bumi_other,0.2,2020
5-9,male,2020-01-01,Johor,Batu Pahat,chinese,5.4,2020
5-9,male,2020-01-01,Johor,Batu Pahat,indian,0.2,2020
5-9,male,2020-01-01,Johor,Batu Pahat,other_citizen,0.0,2020
5-9,male,2020-01-01,Johor,Batu Pahat,other_noncitizen,0.0,2020
10-14,male,2020-01-01,Johor,Batu Pahat,overall,20.6,2020
10-14,male,2020-01-01,Johor,Batu Pahat,bumi_malay,13.8,2020
10-14,male,2020-01-01,Johor,Batu Pahat,bumi_other,0.2,2020
10-14,male,2020-01-01,Johor,Batu Pahat,chinese,6.3,2020
10-14,male,2020-01-01,Johor,Batu Pahat,indian,0.3,2020
10-14,male,2020-01-01,Johor,Batu Pahat,other_citizen,0.0,2020
10-14,male,2020-01-01,Johor,Batu Pahat,other_noncitizen,0.0,2020
15-19,male,2020-01-01,Johor,Batu Pahat,overall,23.5,2020
15-19,male,2020-01-01,Johor,Batu Pahat,bumi_malay,15.4,2020
15-19,male,2020-01-01,Johor,Batu Pahat,bumi_other,0.3,2020
15-19,male,2020-01-01,Johor,Batu Pahat,chinese,5.9,2020
15-19,male,2020-01-01,Johor,Batu Pahat,indian,0.4,2020
15-19,male,2020-01-01,Johor,Batu Pahat,other_citizen,0.4,2020
15-19,male,2020-01-01,Johor,Batu Pahat,other_noncitizen,1.2,2020
20-24,male,2020-01-01,Johor,Batu Pahat,overall,27.5,2020
20-24,male,2020-01-01,Johor,Batu Pahat,bumi_malay,15.1,2020
20-24,male,2020-01-01,Johor,Batu Pahat,bumi_other,0.1,2020
20-24,male,2020-01-01,Johor,Batu Pahat,chinese,6.3,2020
20-24,male,2020-01-01,Johor,Batu Pahat,indian,0.4,2020
20-24,male,2020-01-01,Johor,Batu Pahat,other_citizen,0.2,2020
20-24,male,2020-01-01,Johor,Batu Pahat,other_noncitizen,5.4,2020
25-29,male,2020-01-01,Johor,Batu Pahat,overall,25.6,2020
25-29,male,2020-01-01,Johor,Batu Pahat,bumi_malay,13.4,2020
25-29,male,2020-01-01,Johor,Batu Pahat,bumi_other,0.1,2020
25-29,male,2020-01-01,Johor,Batu Pahat,chinese,5.7,2020
25-29,male,2020-01-01,Johor,Batu Pahat,indian,0.3,2020
25-29,male,2020-01-01,Johor,Batu Pahat,other_citizen,0.0,2020
25-29,male,2020-01-01,Johor,Batu Pahat,other_noncitizen,6.0,2020
30-34,male,2020-01-01,Johor,Batu Pahat,overall,23.7,2020
30-34,male,2020-01-01,Johor,Batu Pahat,bumi_malay,13.6,2020
30-34,male,2020-01-01,Johor,Batu Pahat,bumi_other,0.3,2020
30-34,male,2020-01-01,Johor,Batu Pahat,chinese,5.5,2020
30-34,male,2020-01-01,Johor,Batu Pahat,indian,0.3,2020
30-34,male,2020-01-01,Johor,Batu Pahat,other_citizen,0.1,2020
30-34,male,2020-01-01,Johor,Batu Pahat,other_noncitizen,3.9,2020
35-39,male,2020-01-01,Johor,Batu Pahat,overall,21.6,2020
35-39,male,2020-01-01,Johor,Batu Pahat,bumi_malay,12.7,2020
35-39,male,2020-01-01,Johor,Batu Pahat,bumi_other,0.3,2020
35-39,male,2020-01-01,Johor,Batu Pahat,chinese,5.5,2020
35-39,male,2020-01-01,Johor,Batu Pahat,indian,0.4,2020
35-39,male,2020-01-01,Johor,Batu Pahat,other_citizen,0.0,2020
35-39,male,2020-01-01,Johor,Batu Pahat,other_noncitizen,2.7,2020
40-44,male,2020-01-01,Johor,Batu Pahat,overall,17.6,2020
40-44,male,2020-01-01,Johor,Batu Pahat,bumi_malay,9.9,2020
40-44,male,2020-01-01,Johor,Batu Pahat,bumi_other,0.3,2020
40-44,male,2020-01-01,Johor,Batu Pahat,chinese,5.1,2020
40-44,male,2020-01-01,Johor,Batu Pahat,indian,0.3,2020
40-44,male,2020-01-01,Johor,Batu Pahat,other_citizen,0.1,2020
40-44,male,2020-01-01,Johor,Batu Pahat,other_noncitizen,1.8,2020
45-49,male,2020-01-01,Johor,Batu Pahat,overall,15.5,2020
45-49,male,2020-01-01,Johor,Batu Pahat,bumi_malay,8.8,2020
45-49,male,2020-01-01,Johor,Batu Pahat,bumi_other,0.2,2020
45-49,male,2020-01-01,Johor,Batu Pahat,chinese,4.9,2020
45-49,male,2020-01-01,Johor,Batu Pahat,indian,0.2,2020
45-49,male,2020-01-01,Johor,Batu Pahat,other_citizen,0.1,2020
45-49,male,2020-01-01,Johor,Batu Pahat,other_noncitizen,1.2,2020
50-54,male,2020-01-01,Johor,Batu Pahat,overall,13.8,2020
50-54,male,2020-01-01,Johor,Batu Pahat,bumi_malay,8.0,2020
50-54,male,2020-01-01,Johor,Batu Pahat,bumi_other,0.1,2020
50-54,male,2020-01-01,Johor,Batu Pahat,chinese,4.5,2020
50-54,male,2020-01-01,Johor,Batu Pahat,indian,0.2,2020
50-54,male,2020-01-01,Johor,Batu Pahat,other_citizen,0.1,2020
50-54,male,2020-01-01,Johor,Batu Pahat,other_noncitizen,0.8,2020
55-59,male,2020-01-01,Johor,Batu Pahat,overall,12.7,2020
55-59,male,2020-01-01,Johor,Batu Pahat,bumi_malay,7.5,2020
55-59,male,2020-01-01,Johor,Batu Pahat,bumi_other,0.1,2020
55-59,male,2020-01-01,Johor,Batu Pahat,chinese,4.2,2020
55-59,male,2020-01-01,Johor,Batu Pahat,indian,0.2,2020
55-59,male,2020-01-01,Johor,Batu Pahat,other_citizen,0.0,2020
55-59,male,2020-01-01,Johor,Batu Pahat,other_noncitizen,0.7,2020
60-64,male,2020-01-01,Johor,Batu Pahat,overall,10.1,2020
60-64,male,2020-01-01,Johor,Batu Pahat,bumi_malay,6.0,2020
60-64,male,2020-01-01,Johor,Batu Pahat,bumi_other,0.1,2020
60-64,male,2020-01-01,Johor,Batu Pahat,chinese,3.5,2020
60-64,male,2020-01-01,Johor,Batu Pahat,indian,0.1,2020
60-64,male,2020-01-01,Johor,Batu Pahat,other_citizen,0.1,2020
60-64,male,2020-01-01,Johor,Batu Pahat,other_noncitizen,0.4,2020
65-69,male,2020-01-01,Johor,Batu Pahat,overall,6.3,2020
65-69,male,2020-01-01,Johor,Batu Pahat,bumi_malay,3.9,2020
65-69,male,2020-01-01,Johor,Batu Pahat,bumi_other,0.1,2020
65-69,male,2020-01-01,Johor,Batu Pahat,chinese,1.7,2020
65-69,male,2020-01-01,Johor,Batu Pahat,indian,0.1,2020
65-69,male,2020-01-01,Johor,Batu Pahat,other_citizen,0.1,2020
65-69,male,2020-01-01,Johor,Batu Pahat,other_noncitizen,0.4,2020
70-74,male,2020-01-01,Johor,Batu Pahat,overall,4.4,2020
70-74,male,2020-01-01,Johor,Batu Pahat,bumi_malay,2.6,2020
70-74,male,2020-01-01,Johor,Batu Pahat,bumi_other,0.0,2020
70-74,male,2020-01-01,Johor,Batu Pahat,chinese,1.3,2020
70-74,male,2020-01-01,Johor,Batu Pahat,indian,0.1,2020
70-74,male,2020-01-01,Johor,Batu Pahat,other_citizen,0.0,2020
70-74,male,2020-01-01,Johor,Batu Pahat,other_noncitizen,0.3,2020
75-79,male,2020-01-01,Johor,Batu Pahat,overall,2.5,2020
75-79,male,2020-01-01,Johor,Batu Pahat,bumi_malay,1.4,2020
75-79,male,2020-01-01,Johor,Batu Pahat,bumi_other,0.0,2020
75-79,male,2020-01-01,Johor,Batu Pahat,chinese,0.8,2020
75-79,male,2020-01-01,Johor,Batu Pahat,indian,0.0,2020
75-79,male,2020-01-01,Johor,Batu Pahat,other_citizen,0.0,2020
75-79,male,2020-01-01,Johor,Batu Pahat,other_noncitizen,0.2,2020
80-84,male,2020-01-01,Johor,Batu Pahat,overall,1.6,2020
80-84,male,2020-01-01,Johor,Batu Pahat,bumi_malay,0.8,2020
80-84,male,2020-01-01,Johor,Batu Pahat,bumi_other,0.0,2020
80-84,male,2020-01-01,Johor,Batu Pahat,chinese,0.5,2020
80-84,male,2020-01-01,Johor,Batu Pahat,indian,0.0,2020
80-84,male,2020-01-01,Johor,Batu Pahat,other_citizen,0.0,2020
80-84,male,2020-01-01,Johor,Batu Pahat,other_noncitizen,0.2,2020
85+,male,2020-01-01,Johor,Batu Pahat,overall,1.4,2020
85+,male,2020-01-01,Johor,Batu Pahat,bumi_malay,0.8,2020
85+,male,2020-01-01,Johor,Batu Pahat,bumi_other,0.0,2020
85+,male,2020-01-01,Johor,Batu Pahat,chinese,0.4,2020
85+,male,2020-01-01,Johor,Batu Pahat,indian,0.0,2020
85+,male,2020-01-01,Johor,Batu Pahat,other_citizen,0.0,2020
85+,male,2020-01-01,Johor,Batu Pahat,other_noncitizen,0.2,2020
overall,both,2020-01-01,Johor,Johor Bahru,overall,1711.2,2020
overall,both,2020-01-01,Johor,Johor Bahru,bumi_malay,794.4,2020
overall,both,2020-01-01,Johor,Johor Bahru,bumi_other,32.4,2020
overall,both,2020-01-01,Johor,Johor Bahru,chinese,606.3,2020
overall,both,2020-01-01,Johor,Johor Bahru,indian,145.0,2020
overall,both,2020-01-01,Johor,Johor Bahru,other_citizen,10.0,2020
overall,both,2020-01-01,Johor,Johor Bahru,other_noncitizen,123.2,2020
0-4,both,2020-01-01,Johor,Johor Bahru,overall,158.7,2020
0-4,both,2020-01-01,Johor,Johor Bahru,bumi_malay,91.0,2020
0-4,both,2020-01-01,Johor,Johor Bahru,bumi_other,3.4,2020
0-4,both,2020-01-01,Johor,Johor Bahru,chinese,49.7,2020
0-4,both,2020-01-01,Johor,Johor Bahru,indian,12.8,2020
0-4,both,2020-01-01,Johor,Johor Bahru,other_citizen,0.8,2020
0-4,both,2020-01-01,Johor,Johor Bahru,other_noncitizen,1.0,2020
5-9,both,2020-01-01,Johor,Johor Bahru,overall,149.9,2020
5-9,both,2020-01-01,Johor,Johor Bahru,bumi_malay,80.2,2020
5-9,both,2020-01-01,Johor,Johor Bahru,bumi_other,3.2,2020
5-9,both,2020-01-01,Johor,Johor Bahru,chinese,51.3,2020
5-9,both,2020-01-01,Johor,Johor Bahru,indian,13.3,2020
5-9,both,2020-01-01,Johor,Johor Bahru,other_citizen,0.7,2020
5-9,both,2020-01-01,Johor,Johor Bahru,other_noncitizen,1.2,2020
10-14,both,2020-01-01,Johor,Johor Bahru,overall,141.8,2020
10-14,both,2020-01-01,Johor,Johor Bahru,bumi_malay,73.4,2020
10-14,both,2020-01-01,Johor,Johor Bahru,bumi_other,3.1,2020
10-14,both,2020-01-01,Johor,Johor Bahru,chinese,50.2,2020
10-14,both,2020-01-01,Johor,Johor Bahru,indian,13.5,2020
10-14,both,2020-01-01,Johor,Johor Bahru,other_citizen,0.8,2020
10-14,both,2020-01-01,Johor,Johor Bahru,other_noncitizen,0.8,2020
15-19,both,2020-01-01,Johor,Johor Bahru,overall,142.0,2020
15-19,both,2020-01-01,Johor,Johor Bahru,bumi_malay,69.9,2020
15-19,both,2020-01-01,Johor,Johor Bahru,bumi_other,3.4,2020
15-19,both,2020-01-01,Johor,Johor Bahru,chinese,48.4,2020
15-19,both,2020-01-01,Johor,Johor Bahru,indian,12.3,2020
15-19,both,2020-01-01,Johor,Johor Bahru,other_citizen,2.2,2020
15-19,both,2020-01-01,Johor,Johor Bahru,other_noncitizen,6.0,2020
20-24,both,2020-01-01,Johor,Johor Bahru,overall,158.9,2020
20-24,both,2020-01-01,Johor,Johor Bahru,bumi_malay,68.0,2020
20-24,both,2020-01-01,Johor,Johor Bahru,bumi_other,2.3,2020
20-24,both,2020-01-01,Johor,Johor Bahru,chinese,50.6,2020
20-24,both,2020-01-01,Johor,Johor Bahru,indian,11.9,2020
20-24,both,2020-01-01,Johor,Johor Bahru,other_citizen,1.3,2020
20-24,both,2020-01-01,Johor,Johor Bahru,other_noncitizen,24.8,2020
25-29,both,2020-01-01,Johor,Johor Bahru,overall,147.7,2020
25-29,both,2020-01-01,Johor,Johor Bahru,bumi_malay,61.0,2020
25-29,both,2020-01-01,Johor,Johor Bahru,bumi_other,1.8,2020
25-29,both,2020-01-01,Johor,Johor Bahru,chinese,47.3,2020
25-29,both,2020-01-01,Johor,Johor Bahru,indian,11.3,2020
25-29,both,2020-01-01,Johor,Johor Bahru,other_citizen,0.6,2020
25-29,both,2020-01-01,Johor,Johor Bahru,other_noncitizen,25.8,2020
30-34,both,2020-01-01,Johor,Johor Bahru,overall,137.9,2020
30-34,both,2020-01-01,Johor,Johor Bahru,bumi_malay,61.8,2020
30-34,both,2020-01-01,Johor,Johor Bahru,bumi_other,2.9,2020
30-34,both,2020-01-01,Johor,Johor Bahru,chinese,44.9,2020
30-34,both,2020-01-01,Johor,Johor Bahru,indian,10.2,2020
30-34,both,2020-01-01,Johor,Johor Bahru,other_citizen,0.4,2020
30-34,both,2020-01-01,Johor,Johor Bahru,other_noncitizen,17.7,2020
35-39,both,2020-01-01,Johor,Johor Bahru,overall,131.1,2020
35-39,both,2020-01-01,Johor,Johor Bahru,bumi_malay,58.7,2020
35-39,both,2020-01-01,Johor,Johor Bahru,bumi_other,3.4,2020
35-39,both,2020-01-01,Johor,Johor Bahru,chinese,44.5,2020
35-39,both,2020-01-01,Johor,Johor Bahru,indian,11.8,2020
35-39,both,2020-01-01,Johor,Johor Bahru,other_citizen,0.3,2020
35-39,both,2020-01-01,Johor,Johor Bahru,other_noncitizen,12.4,2020
40-44,both,2020-01-01,Johor,Johor Bahru,overall,109.1,2020
40-44,both,2020-01-01,Johor,Johor Bahru,bumi_malay,45.1,2020
40-44,both,2020-01-01,Johor,Johor Bahru,bumi_other,2.5,2020
40-44,both,2020-01-01,Johor,Johor Bahru,chinese,41.7,2020
40-44,both,2020-01-01,Johor,Johor Bahru,indian,10.8,2020
40-44,both,2020-01-01,Johor,Johor Bahru,other_citizen,0.7,2020
40-44,both,2020-01-01,Johor,Johor Bahru,other_noncitizen,8.3,2020
45-49,both,2020-01-01,Johor,Johor Bahru,overall,98.5,2020
45-49,both,2020-01-01,Johor,Johor Bahru,bumi_malay,40.8,2020
45-49,both,2020-01-01,Johor,Johor Bahru,bumi_other,1.9,2020
45-49,both,2020-01-01,Johor,Johor Bahru,chinese,40.4,2020
45-49,both,2020-01-01,Johor,Johor Bahru,indian,8.8,2020
45-49,both,2020-01-01,Johor,Johor Bahru,other_citizen,0.5,2020
45-49,both,2020-01-01,Johor,Johor Bahru,other_noncitizen,6.1,2020
50-54,both,2020-01-01,Johor,Johor Bahru,overall,89.2,2020
50-54,both,2020-01-01,Johor,Johor Bahru,bumi_malay,37.8,2020
50-54,both,2020-01-01,Johor,Johor Bahru,bumi_other,1.3,2020
50-54,both,2020-01-01,Johor,Johor Bahru,chinese,37.7,2020
50-54,both,2020-01-01,Johor,Johor Bahru,indian,7.8,2020
50-54,both,2020-01-01,Johor,Johor Bahru,other_citizen,0.4,2020
50-54,both,2020-01-01,Johor,Johor Bahru,other_noncitizen,4.2,2020
55-59,both,2020-01-01,Johor,Johor Bahru,overall,79.3,2020
55-59,both,2020-01-01,Johor,Johor Bahru,bumi_malay,34.5,2020
55-59,both,2020-01-01,Johor,Johor Bahru,bumi_other,0.9,2020
55-59,both,2020-01-01,Johor,Johor Bahru,chinese,33.7,2020
55-59,both,2020-01-01,Johor,Johor Bahru,indian,6.7,2020
55-59,both,2020-01-01,Johor,Johor Bahru,other_citizen,0.3,2020
55-59,both,2020-01-01,Johor,Johor Bahru,other_noncitizen,3.2,2020
60-64,both,2020-01-01,Johor,Johor Bahru,overall,66.2,2020
60-64,both,2020-01-01,Johor,Johor Bahru,bumi_malay,28.2,2020
60-64,both,2020-01-01,Johor,Johor Bahru,bumi_other,0.6,2020
60-64,both,2020-01-01,Johor,Johor Bahru,chinese,29.5,2020
60-64,both,2020-01-01,Johor,Johor Bahru,indian,5.4,2020
60-64,both,2020-01-01,Johor,Johor Bahru,other_citizen,0.4,2020
60-64,both,2020-01-01,Johor,Johor Bahru,other_noncitizen,2.1,2020
65-69,both,2020-01-01,Johor,Johor Bahru,overall,39.2,2020
65-69,both,2020-01-01,Johor,Johor Bahru,bumi_malay,17.6,2020
65-69,both,2020-01-01,Johor,Johor Bahru,bumi_other,0.6,2020
65-69,both,2020-01-01,Johor,Johor Bahru,chinese,13.4,2020
65-69,both,2020-01-01,Johor,Johor Bahru,indian,3.7,2020
65-69,both,2020-01-01,Johor,Johor Bahru,other_citizen,0.4,2020
65-69,both,2020-01-01,Johor,Johor Bahru,other_noncitizen,3.5,2020
70-74,both,2020-01-01,Johor,Johor Bahru,overall,27.4,2020
70-74,both,2020-01-01,Johor,Johor Bahru,bumi_malay,12.1,2020
70-74,both,2020-01-01,Johor,Johor Bahru,bumi_other,0.5,2020
70-74,both,2020-01-01,Johor,Johor Bahru,chinese,10.3,2020
70-74,both,2020-01-01,Johor,Johor Bahru,indian,2.2,2020
70-74,both,2020-01-01,Johor,Johor Bahru,other_citizen,0.1,2020
70-74,both,2020-01-01,Johor,Johor Bahru,other_noncitizen,2.2,2020
75-79,both,2020-01-01,Johor,Johor Bahru,overall,15.9,2020
75-79,both,2020-01-01,Johor,Johor Bahru,bumi_malay,6.7,2020
75-79,both,2020-01-01,Johor,Johor Bahru,bumi_other,0.3,2020
75-79,both,2020-01-01,Johor,Johor Bahru,chinese,6.4,2020
75-79,both,2020-01-01,Johor,Johor Bahru,indian,1.2,2020
75-79,both,2020-01-01,Johor,Johor Bahru,other_citizen,0.1,2020
75-79,both,2020-01-01,Johor,Johor Bahru,other_noncitizen,1.2,2020
80-84,both,2020-01-01,Johor,Johor Bahru,overall,10.2,2020
80-84,both,2020-01-01,Johor,Johor Bahru,bumi_malay,4.1,2020
80-84,both,2020-01-01,Johor,Johor Bahru,bumi_other,0.2,2020
80-84,both,2020-01-01,Johor,Johor Bahru,chinese,4.1,2020
80-84,both,2020-01-01,Johor,Johor Bahru,indian,0.6,2020
80-84,both,2020-01-01,Johor,Johor Bahru,other_citizen,0.0,2020
80-84,both,2020-01-01,Johor,Johor Bahru,other_noncitizen,1.3,2020
85+,both,2020-01-01,Johor,Johor Bahru,overall,8.3,2020
85+,both,2020-01-01,Johor,Johor Bahru,bumi_malay,3.5,2020
85+,both,2020-01-01,Johor,Johor Bahru,bumi_other,0.3,2020
85+,both,2020-01-01,Johor,Johor Bahru,chinese,2.3,2020
85+,both,2020-01-01,Johor,Johor Bahru,indian,0.7,2020
85+,both,2020-01-01,Johor,Johor Bahru,other_citizen,0.0,2020
85+,both,2020-01-01,Johor,Johor Bahru,other_noncitizen,1.4,2020
overall,female,2020-01-01,Johor,Johor Bahru,overall,803.9,2020
overall,female,2020-01-01,Johor,Johor Bahru,bumi_malay,387.8,2020
overall,female,2020-01-01,Johor,Johor Bahru,bumi_other,15.3,2020
overall,female,2020-01-01,Johor,Johor Bahru,chinese,294.5,2020
overall,female,2020-01-01,Johor,Johor Bahru,indian,71.9,2020
overall,female,2020-01-01,Johor,Johor Bahru,other_citizen,4.3,2020
overall,female,2020-01-01,Johor,Johor Bahru,other_noncitizen,30.0,2020
0-4,female,2020-01-01,Johor,Johor Bahru,overall,80.0,2020
0-4,female,2020-01-01,Johor,Johor Bahru,bumi_malay,45.5,2020
0-4,female,2020-01-01,Johor,Johor Bahru,bumi_other,1.7,2020
0-4,female,2020-01-01,Johor,Johor Bahru,chinese,25.2,2020
0-4,female,2020-01-01,Johor,Johor Bahru,indian,6.6,2020
0-4,female,2020-01-01,Johor,Johor Bahru,other_citizen,0.4,2020
0-4,female,2020-01-01,Johor,Johor Bahru,other_noncitizen,0.5,2020
5-9,female,2020-01-01,Johor,Johor Bahru,overall,72.5,2020
5-9,female,2020-01-01,Johor,Johor Bahru,bumi_malay,38.7,2020
5-9,female,2020-01-01,Johor,Johor Bahru,bumi_other,1.5,2020
5-9,female,2020-01-01,Johor,Johor Bahru,chinese,24.9,2020
5-9,female,2020-01-01,Johor,Johor Bahru,indian,6.5,2020
5-9,female,2020-01-01,Johor,Johor Bahru,other_citizen,0.4,2020
5-9,female,2020-01-01,Johor,Johor Bahru,other_noncitizen,0.6,2020
10-14,female,2020-01-01,Johor,Johor Bahru,overall,68.1,2020
10-14,female,2020-01-01,Johor,Johor Bahru,bumi_malay,35.3,2020
10-14,female,2020-01-01,Johor,Johor Bahru,bumi_other,1.5,2020
10-14,female,2020-01-01,Johor,Johor Bahru,chinese,24.0,2020
10-14,female,2020-01-01,Johor,Johor Bahru,indian,6.5,2020
10-14,female,2020-01-01,Johor,Johor Bahru,other_citizen,0.4,2020
10-14,female,2020-01-01,Johor,Johor Bahru,other_noncitizen,0.4,2020
15-19,female,2020-01-01,Johor,Johor Bahru,overall,67.3,2020
15-19,female,2020-01-01,Johor,Johor Bahru,bumi_malay,33.6,2020
15-19,female,2020-01-01,Johor,Johor Bahru,bumi_other,1.8,2020
15-19,female,2020-01-01,Johor,Johor Bahru,chinese,23.6,2020
15-19,female,2020-01-01,Johor,Johor Bahru,indian,6.0,2020
15-19,female,2020-01-01,Johor,Johor Bahru,other_citizen,0.8,2020
15-19,female,2020-01-01,Johor,Johor Bahru,other_noncitizen,1.5,2020
20-24,female,2020-01-01,Johor,Johor Bahru,overall,69.7,2020
20-24,female,2020-01-01,Johor,Johor Bahru,bumi_malay,32.4,2020
20-24,female,2020-01-01,Johor,Johor Bahru,bumi_other,1.4,2020
20-24,female,2020-01-01,Johor,Johor Bahru,chinese,23.9,2020
20-24,female,2020-01-01,Johor,Johor Bahru,indian,5.8,2020
20-24,female,2020-01-01,Johor,Johor Bahru,other_citizen,0.7,2020
20-24,female,2020-01-01,Johor,Johor Bahru,other_noncitizen,5.5,2020
25-29,female,2020-01-01,Johor,Johor Bahru,overall,64.3,2020
25-29,female,2020-01-01,Johor,Johor Bahru,bumi_malay,29.5,2020
25-29,female,2020-01-01,Johor,Johor Bahru,bumi_other,1.0,2020
25-29,female,2020-01-01,Johor,Johor Bahru,chinese,23.1,2020
25-29,female,2020-01-01,Johor,Johor Bahru,indian,5.8,2020
25-29,female,2020-01-01,Johor,Johor Bahru,other_citizen,0.5,2020
25-29,female,2020-01-01,Johor,Johor Bahru,other_noncitizen,4.4,2020
30-34,female,2020-01-01,Johor,Johor Bahru,overall,61.1,2020
30-34,female,2020-01-01,Johor,Johor Bahru,bumi_malay,29.7,2020
30-34,female,2020-01-01,Johor,Johor Bahru,bumi_other,1.2,2020
30-34,female,2020-01-01,Johor,Johor Bahru,chinese,21.8,2020
30-34,female,2020-01-01,Johor,Johor Bahru,indian,4.7,2020
30-34,female,2020-01-01,Johor,Johor Bahru,other_citizen,0.1,2020
30-34,female,2020-01-01,Johor,Johor Bahru,other_noncitizen,3.6,2020
35-39,female,2020-01-01,Johor,Johor Bahru,overall,60.1,2020
35-39,female,2020-01-01,Johor,Johor Bahru,bumi_malay,28.9,2020
35-39,female,2020-01-01,Johor,Johor Bahru,bumi_other,1.6,2020
35-39,female,2020-01-01,Johor,Johor Bahru,chinese,21.3,2020
35-39,female,2020-01-01,Johor,Johor Bahru,indian,5.7,2020
35-39,female,2020-01-01,Johor,Johor Bahru,other_citizen,0.2,2020
35-39,female,2020-01-01,Johor,Johor Bahru,other_noncitizen,2.5,2020
40-44,female,2020-01-01,Johor,Johor Bahru,overall,49.8,2020
40-44,female,2020-01-01,Johor,Johor Bahru,bumi_malay,21.7,2020
40-44,female,2020-01-01,Johor,Johor Bahru,bumi_other,0.8,2020
40-44,female,2020-01-01,Johor,Johor Bahru,chinese,20.0,2020
40-44,female,2020-01-01,Johor,Johor Bahru,indian,5.1,2020
40-44,female,2020-01-01,Johor,Johor Bahru,other_citizen,0.2,2020
40-44,female,2020-01-01,Johor,Johor Bahru,other_noncitizen,2.0,2020
45-49,female,2020-01-01,Johor,Johor Bahru,overall,46.7,2020
45-49,female,2020-01-01,Johor,Johor Bahru,bumi_malay,20.2,2020
45-49,female,2020-01-01,Johor,Johor Bahru,bumi_other,0.7,2020
45-49,female,2020-01-01,Johor,Johor Bahru,chinese,19.5,2020
45-49,female,2020-01-01,Johor,Johor Bahru,indian,4.5,2020
45-49,female,2020-01-01,Johor,Johor Bahru,other_citizen,0.2,2020
45-49,female,2020-01-01,Johor,Johor Bahru,other_noncitizen,1.6,2020
50-54,female,2020-01-01,Johor,Johor Bahru,overall,43.3,2020
50-54,female,2020-01-01,Johor,Johor Bahru,bumi_malay,19.0,2020
50-54,female,2020-01-01,Johor,Johor Bahru,bumi_other,0.5,2020
50-54,female,2020-01-01,Johor,Johor Bahru,chinese,18.6,2020
50-54,female,2020-01-01,Johor,Johor Bahru,indian,3.9,2020
50-54,female,2020-01-01,Johor,Johor Bahru,other_citizen,0.2,2020
50-54,female,2020-01-01,Johor,Johor Bahru,other_noncitizen,1.2,2020
55-59,female,2020-01-01,Johor,Johor Bahru,overall,37.3,2020
55-59,female,2020-01-01,Johor,Johor Bahru,bumi_malay,17.0,2020
55-59,female,2020-01-01,Johor,Johor Bahru,bumi_other,0.4,2020
55-59,female,2020-01-01,Johor,Johor Bahru,chinese,15.8,2020
55-59,female,2020-01-01,Johor,Johor Bahru,indian,3.2,2020
55-59,female,2020-01-01,Johor,Johor Bahru,other_citizen,0.1,2020
55-59,female,2020-01-01,Johor,Johor Bahru,other_noncitizen,0.9,2020
60-64,female,2020-01-01,Johor,Johor Bahru,overall,32.8,2020
60-64,female,2020-01-01,Johor,Johor Bahru,bumi_malay,14.2,2020
60-64,female,2020-01-01,Johor,Johor Bahru,bumi_other,0.3,2020
60-64,female,2020-01-01,Johor,Johor Bahru,chinese,14.7,2020
60-64,female,2020-01-01,Johor,Johor Bahru,indian,2.9,2020
60-64,female,2020-01-01,Johor,Johor Bahru,other_citizen,0.1,2020
60-64,female,2020-01-01,Johor,Johor Bahru,other_noncitizen,0.7,2020
65-69,female,2020-01-01,Johor,Johor Bahru,overall,19.8,2020
65-69,female,2020-01-01,Johor,Johor Bahru,bumi_malay,8.8,2020
65-69,female,2020-01-01,Johor,Johor Bahru,bumi_other,0.3,2020
65-69,female,2020-01-01,Johor,Johor Bahru,chinese,6.8,2020
65-69,female,2020-01-01,Johor,Johor Bahru,indian,2.0,2020
65-69,female,2020-01-01,Johor,Johor Bahru,other_citizen,0.1,2020
65-69,female,2020-01-01,Johor,Johor Bahru,other_noncitizen,1.8,2020
70-74,female,2020-01-01,Johor,Johor Bahru,overall,13.9,2020
70-74,female,2020-01-01,Johor,Johor Bahru,bumi_malay,6.0,2020
70-74,female,2020-01-01,Johor,Johor Bahru,bumi_other,0.2,2020
70-74,female,2020-01-01,Johor,Johor Bahru,chinese,5.2,2020
70-74,female,2020-01-01,Johor,Johor Bahru,indian,1.2,2020
70-74,female,2020-01-01,Johor,Johor Bahru,other_citizen,0.1,2020
70-74,female,2020-01-01,Johor,Johor Bahru,other_noncitizen,1.1,2020
75-79,female,2020-01-01,Johor,Johor Bahru,overall,8.2,2020
75-79,female,2020-01-01,Johor,Johor Bahru,bumi_malay,3.5,2020
75-79,female,2020-01-01,Johor,Johor Bahru,bumi_other,0.1,2020
75-79,female,2020-01-01,Johor,Johor Bahru,chinese,3.3,2020
75-79,female,2020-01-01,Johor,Johor Bahru,indian,0.7,2020
75-79,female,2020-01-01,Johor,Johor Bahru,other_citizen,0.0,2020
75-79,female,2020-01-01,Johor,Johor Bahru,other_noncitizen,0.6,2020
80-84,female,2020-01-01,Johor,Johor Bahru,overall,5.3,2020
80-84,female,2020-01-01,Johor,Johor Bahru,bumi_malay,2.2,2020
80-84,female,2020-01-01,Johor,Johor Bahru,bumi_other,0.1,2020
80-84,female,2020-01-01,Johor,Johor Bahru,chinese,2.0,2020
80-84,female,2020-01-01,Johor,Johor Bahru,indian,0.3,2020
80-84,female,2020-01-01,Johor,Johor Bahru,other_citizen,0.0,2020
80-84,female,2020-01-01,Johor,Johor Bahru,other_noncitizen,0.6,2020
85+,female,2020-01-01,Johor,Johor Bahru,overall,3.7,2020
85+,female,2020-01-01,Johor,Johor Bahru,bumi_malay,1.7,2020
85+,female,2020-01-01,Johor,Johor Bahru,bumi_other,0.2,2020
85+,female,2020-01-01,Johor,Johor Bahru,chinese,1.0,2020
85+,female,2020-01-01,Johor,Johor Bahru,indian,0.3,2020
85+,female,2020-01-01,Johor,Johor Bahru,other_citizen,0.0,2020
85+,female,2020-01-01,Johor,Johor Bahru,other_noncitizen,0.6,2020
overall,male,2020-01-01,Johor,Johor Bahru,overall,907.3,2020
overall,male,2020-01-01,Johor,Johor Bahru,bumi_malay,406.6,2020
overall,male,2020-01-01,Johor,Johor Bahru,bumi_other,17.1,2020
overall,male,2020-01-01,Johor,Johor Bahru,chinese,311.7,2020
overall,male,2020-01-01,Johor,Johor Bahru,indian,73.1,2020
overall,male,2020-01-01,Johor,Johor Bahru,other_citizen,5.6,2020
overall,male,2020-01-01,Johor,Johor Bahru,other_noncitizen,93.1,2020
0-4,male,2020-01-01,Johor,Johor Bahru,overall,78.7,2020
0-4,male,2020-01-01,Johor,Johor Bahru,bumi_malay,45.5,2020
0-4,male,2020-01-01,Johor,Johor Bahru,bumi_other,1.7,2020
0-4,male,2020-01-01,Johor,Johor Bahru,chinese,24.5,2020
0-4,male,2020-01-01,Johor,Johor Bahru,indian,6.1,2020
0-4,male,2020-01-01,Johor,Johor Bahru,other_citizen,0.4,2020
0-4,male,2020-01-01,Johor,Johor Bahru,other_noncitizen,0.5,2020
5-9,male,2020-01-01,Johor,Johor Bahru,overall,77.3,2020
5-9,male,2020-01-01,Johor,Johor Bahru,bumi_malay,41.5,2020
5-9,male,2020-01-01,Johor,Johor Bahru,bumi_other,1.6,2020
5-9,male,2020-01-01,Johor,Johor Bahru,chinese,26.4,2020
5-9,male,2020-01-01,Johor,Johor Bahru,indian,6.8,2020
5-9,male,2020-01-01,Johor,Johor Bahru,other_citizen,0.3,2020
5-9,male,2020-01-01,Johor,Johor Bahru,other_noncitizen,0.6,2020
10-14,male,2020-01-01,Johor,Johor Bahru,overall,73.6,2020
10-14,male,2020-01-01,Johor,Johor Bahru,bumi_malay,38.1,2020
10-14,male,2020-01-01,Johor,Johor Bahru,bumi_other,1.6,2020
10-14,male,2020-01-01,Johor,Johor Bahru,chinese,26.2,2020
10-14,male,2020-01-01,Johor,Johor Bahru,indian,6.9,2020
10-14,male,2020-01-01,Johor,Johor Bahru,other_citizen,0.4,2020
10-14,male,2020-01-01,Johor,Johor Bahru,other_noncitizen,0.4,2020
15-19,male,2020-01-01,Johor,Johor Bahru,overall,74.8,2020
15-19,male,2020-01-01,Johor,Johor Bahru,bumi_malay,36.2,2020
15-19,male,2020-01-01,Johor,Johor Bahru,bumi_other,1.6,2020
15-19,male,2020-01-01,Johor,Johor Bahru,chinese,24.8,2020
15-19,male,2020-01-01,Johor,Johor Bahru,indian,6.3,2020
15-19,male,2020-01-01,Johor,Johor Bahru,other_citizen,1.4,2020
15-19,male,2020-01-01,Johor,Johor Bahru,other_noncitizen,4.5,2020
20-24,male,2020-01-01,Johor,Johor Bahru,overall,89.2,2020
20-24,male,2020-01-01,Johor,Johor Bahru,bumi_malay,35.6,2020
20-24,male,2020-01-01,Johor,Johor Bahru,bumi_other,0.9,2020
20-24,male,2020-01-01,Johor,Johor Bahru,chinese,26.7,2020
20-24,male,2020-01-01,Johor,Johor Bahru,indian,6.1,2020
20-24,male,2020-01-01,Johor,Johor Bahru,other_citizen,0.6,2020
20-24,male,2020-01-01,Johor,Johor Bahru,other_noncitizen,19.2,2020
25-29,male,2020-01-01,Johor,Johor Bahru,overall,83.5,2020
25-29,male,2020-01-01,Johor,Johor Bahru,bumi_malay,31.5,2020
25-29,male,2020-01-01,Johor,Johor Bahru,bumi_other,0.7,2020
25-29,male,2020-01-01,Johor,Johor Bahru,chinese,24.2,2020
25-29,male,2020-01-01,Johor,Johor Bahru,indian,5.5,2020
25-29,male,2020-01-01,Johor,Johor Bahru,other_citizen,0.1,2020
25-29,male,2020-01-01,Johor,Johor Bahru,other_noncitizen,21.4,2020
30-34,male,2020-01-01,Johor,Johor Bahru,overall,76.8,2020
30-34,male,2020-01-01,Johor,Johor Bahru,bumi_malay,32.1,2020
30-34,male,2020-01-01,Johor,Johor Bahru,bumi_other,1.7,2020
30-34,male,2020-01-01,Johor,Johor Bahru,chinese,23.1,2020
30-34,male,2020-01-01,Johor,Johor Bahru,indian,5.5,2020
30-34,male,2020-01-01,Johor,Johor Bahru,other_citizen,0.3,2020
30-34,male,2020-01-01,Johor,Johor Bahru,other_noncitizen,14.1,2020
35-39,male,2020-01-01,Johor,Johor Bahru,overall,71.0,2020
35-39,male,2020-01-01,Johor,Johor Bahru,bumi_malay,29.8,2020
35-39,male,2020-01-01,Johor,Johor Bahru,bumi_other,1.9,2020
35-39,male,2020-01-01,Johor,Johor Bahru,chinese,23.2,2020
35-39,male,2020-01-01,Johor,Johor Bahru,indian,6.1,2020
35-39,male,2020-01-01,Johor,Johor Bahru,other_citizen,0.1,2020
35-39,male,2020-01-01,Johor,Johor Bahru,other_noncitizen,9.8,2020
40-44,male,2020-01-01,Johor,Johor Bahru,overall,59.4,2020
40-44,male,2020-01-01,Johor,Johor Bahru,bumi_malay,23.4,2020
40-44,male,2020-01-01,Johor,Johor Bahru,bumi_other,1.7,2020
40-44,male,2020-01-01,Johor,Johor Bahru,chinese,21.7,2020
40-44,male,2020-01-01,Johor,Johor Bahru,indian,5.6,2020
40-44,male,2020-01-01,Johor,Johor Bahru,other_citizen,0.5,2020
40-44,male,2020-01-01,Johor,Johor Bahru,other_noncitizen,6.4,2020
45-49,male,2020-01-01,Johor,Johor Bahru,overall,51.9,2020
45-49,male,2020-01-01,Johor,Johor Bahru,bumi_malay,20.6,2020
45-49,male,2020-01-01,Johor,Johor Bahru,bumi_other,1.2,2020
45-49,male,2020-01-01,Johor,Johor Bahru,chinese,20.9,2020
45-49,male,2020-01-01,Johor,Johor Bahru,indian,4.3,2020
45-49,male,2020-01-01,Johor,Johor Bahru,other_citizen,0.4,2020
45-49,male,2020-01-01,Johor,Johor Bahru,other_noncitizen,4.5,2020
50-54,male,2020-01-01,Johor,Johor Bahru,overall,45.8,2020
50-54,male,2020-01-01,Johor,Johor Bahru,bumi_malay,18.8,2020
50-54,male,2020-01-01,Johor,Johor Bahru,bumi_other,0.8,2020
50-54,male,2020-01-01,Johor,Johor Bahru,chinese,19.1,2020
50-54,male,2020-01-01,Johor,Johor Bahru,indian,3.9,2020
50-54,male,2020-01-01,Johor,Johor Bahru,other_citizen,0.2,2020
50-54,male,2020-01-01,Johor,Johor Bahru,other_noncitizen,3.0,2020
55-59,male,2020-01-01,Johor,Johor Bahru,overall,41.9,2020
55-59,male,2020-01-01,Johor,Johor Bahru,bumi_malay,17.6,2020
55-59,male,2020-01-01,Johor,Johor Bahru,bumi_other,0.5,2020
55-59,male,2020-01-01,Johor,Johor Bahru,chinese,17.9,2020
55-59,male,2020-01-01,Johor,Johor Bahru,indian,3.5,2020
55-59,male,2020-01-01,Johor,Johor Bahru,other_citizen,0.1,2020
55-59,male,2020-01-01,Johor,Johor Bahru,other_noncitizen,2.3,2020
60-64,male,2020-01-01,Johor,Johor Bahru,overall,33.4,2020
60-64,male,2020-01-01,Johor,Johor Bahru,bumi_malay,14.0,2020
60-64,male,2020-01-01,Johor,Johor Bahru,bumi_other,0.4,2020
60-64,male,2020-01-01,Johor,Johor Bahru,chinese,14.7,2020
60-64,male,2020-01-01,Johor,Johor Bahru,indian,2.5,2020
60-64,male,2020-01-01,Johor,Johor Bahru,other_citizen,0.3,2020
60-64,male,2020-01-01,Johor,Johor Bahru,other_noncitizen,1.5,2020
65-69,male,2020-01-01,Johor,Johor Bahru,overall,19.3,2020
65-69,male,2020-01-01,Johor,Johor Bahru,bumi_malay,8.8,2020
65-69,male,2020-01-01,Johor,Johor Bahru,bumi_other,0.3,2020
65-69,male,2020-01-01,Johor,Johor Bahru,chinese,6.6,2020
65-69,male,2020-01-01,Johor,Johor Bahru,indian,1.7,2020
65-69,male,2020-01-01,Johor,Johor Bahru,other_citizen,0.3,2020
65-69,male,2020-01-01,Johor,Johor Bahru,other_noncitizen,1.7,2020
70-74,male,2020-01-01,Johor,Johor Bahru,overall,13.4,2020
70-74,male,2020-01-01,Johor,Johor Bahru,bumi_malay,6.0,2020
70-74,male,2020-01-01,Johor,Johor Bahru,bumi_other,0.2,2020
70-74,male,2020-01-01,Johor,Johor Bahru,chinese,5.1,2020
70-74,male,2020-01-01,Johor,Johor Bahru,indian,1.0,2020
70-74,male,2020-01-01,Johor,Johor Bahru,other_citizen,0.0,2020
70-74,male,2020-01-01,Johor,Johor Bahru,other_noncitizen,1.1,2020
75-79,male,2020-01-01,Johor,Johor Bahru,overall,7.7,2020
75-79,male,2020-01-01,Johor,Johor Bahru,bumi_malay,3.2,2020
75-79,male,2020-01-01,Johor,Johor Bahru,bumi_other,0.2,2020
75-79,male,2020-01-01,Johor,Johor Bahru,chinese,3.1,2020
75-79,male,2020-01-01,Johor,Johor Bahru,indian,0.6,2020
75-79,male,2020-01-01,Johor,Johor Bahru,other_citizen,0.0,2020
75-79,male,2020-01-01,Johor,Johor Bahru,other_noncitizen,0.6,2020
80-84,male,2020-01-01,Johor,Johor Bahru,overall,5.0,2020
80-84,male,2020-01-01,Johor,Johor Bahru,bumi_malay,1.9,2020
80-84,male,2020-01-01,Johor,Johor Bahru,bumi_other,0.1,2020
80-84,male,2020-01-01,Johor,Johor Bahru,chinese,2.1,2020
80-84,male,2020-01-01,Johor,Johor Bahru,indian,0.3,2020
80-84,male,2020-01-01,Johor,Johor Bahru,other_citizen,0.0,2020
80-84,male,2020-01-01,Johor,Johor Bahru,other_noncitizen,0.7,2020
85+,male,2020-01-01,Johor,Johor Bahru,overall,4.6,2020
85+,male,2020-01-01,Johor,Johor Bahru,bumi_malay,1.9,2020
85+,male,2020-01-01,Johor,Johor Bahru,bumi_other,0.1,2020
85+,male,2020-01-01,Johor,Johor Bahru,chinese,1.3,2020
85+,male,2020-01-01,Johor,Johor Bahru,indian,0.4,2020
85+,male,2020-01-01,Johor,Johor Bahru,other_citizen,0.0,2020
85+,male,2020-01-01,Johor,Johor Bahru,other_noncitizen,0.8,2020
overall,both,2020-01-01,Johor,Kluang,overall,323.8,2020
overall,both,2020-01-01,Johor,Kluang,bumi_malay,166.6,2020
overall,both,2020-01-01,Johor,Kluang,bumi_other,4.8,2020
overall,both,2020-01-01,Johor,Kluang,chinese,92.3,2020
overall,both,2020-01-01,Johor,Kluang,indian,24.8,2020
overall,both,2020-01-01,Johor,Kluang,other_citizen,1.4,2020
overall,both,2020-01-01,Johor,Kluang,other_noncitizen,33.8,2020
0-4,both,2020-01-01,Johor,Kluang,overall,19.7,2020
0-4,both,2020-01-01,Johor,Kluang,bumi_malay,13.5,2020
0-4,both,2020-01-01,Johor,Kluang,bumi_other,0.6,2020
0-4,both,2020-01-01,Johor,Kluang,chinese,4.2,2020
0-4,both,2020-01-01,Johor,Kluang,indian,1.2,2020
0-4,both,2020-01-01,Johor,Kluang,other_citizen,0.0,2020
0-4,both,2020-01-01,Johor,Kluang,other_noncitizen,0.0,2020
5-9,both,2020-01-01,Johor,Kluang,overall,26.9,2020
5-9,both,2020-01-01,Johor,Kluang,bumi_malay,16.4,2020
5-9,both,2020-01-01,Johor,Kluang,bumi_other,0.6,2020
5-9,both,2020-01-01,Johor,Kluang,chinese,7.7,2020
5-9,both,2020-01-01,Johor,Kluang,indian,2.0,2020
5-9,both,2020-01-01,Johor,Kluang,other_citizen,0.0,2020
5-9,both,2020-01-01,Johor,Kluang,other_noncitizen,0.1,2020
10-14,both,2020-01-01,Johor,Kluang,overall,28.6,2020
10-14,both,2020-01-01,Johor,Kluang,bumi_malay,16.7,2020
10-14,both,2020-01-01,Johor,Kluang,bumi_other,0.5,2020
10-14,both,2020-01-01,Johor,Kluang,chinese,9.0,2020
10-14,both,2020-01-01,Johor,Kluang,indian,2.2,2020
10-14,both,2020-01-01,Johor,Kluang,other_citizen,0.1,2020
10-14,both,2020-01-01,Johor,Kluang,other_noncitizen,0.1,2020
15-19,both,2020-01-01,Johor,Kluang,overall,27.7,2020
15-19,both,2020-01-01,Johor,Kluang,bumi_malay,15.3,2020
15-19,both,2020-01-01,Johor,Kluang,bumi_other,0.5,2020
15-19,both,2020-01-01,Johor,Kluang,chinese,7.6,2020
15-19,both,2020-01-01,Johor,Kluang,indian,2.3,2020
15-19,both,2020-01-01,Johor,Kluang,other_citizen,0.4,2020
15-19,both,2020-01-01,Johor,Kluang,other_noncitizen,1.6,2020
20-24,both,2020-01-01,Johor,Kluang,overall,32.5,2020
20-24,both,2020-01-01,Johor,Kluang,bumi_malay,14.9,2020
20-24,both,2020-01-01,Johor,Kluang,bumi_other,0.3,2020
20-24,both,2020-01-01,Johor,Kluang,chinese,8.0,2020
20-24,both,2020-01-01,Johor,Kluang,indian,2.2,2020
20-24,both,2020-01-01,Johor,Kluang,other_citizen,0.2,2020
20-24,both,2020-01-01,Johor,Kluang,other_noncitizen,6.9,2020
25-29,both,2020-01-01,Johor,Kluang,overall,30.7,2020
25-29,both,2020-01-01,Johor,Kluang,bumi_malay,13.4,2020
25-29,both,2020-01-01,Johor,Kluang,bumi_other,0.2,2020
25-29,both,2020-01-01,Johor,Kluang,chinese,7.5,2020
25-29,both,2020-01-01,Johor,Kluang,indian,2.1,2020
25-29,both,2020-01-01,Johor,Kluang,other_citizen,0.1,2020
25-29,both,2020-01-01,Johor,Kluang,other_noncitizen,7.5,2020
30-34,both,2020-01-01,Johor,Kluang,overall,28.0,2020
30-34,both,2020-01-01,Johor,Kluang,bumi_malay,13.5,2020
30-34,both,2020-01-01,Johor,Kluang,bumi_other,0.4,2020
30-34,both,2020-01-01,Johor,Kluang,chinese,7.1,2020
30-34,both,2020-01-01,Johor,Kluang,indian,1.9,2020
30-34,both,2020-01-01,Johor,Kluang,other_citizen,0.1,2020
30-34,both,2020-01-01,Johor,Kluang,other_noncitizen,5.0,2020
35-39,both,2020-01-01,Johor,Kluang,overall,26.1,2020
35-39,both,2020-01-01,Johor,Kluang,bumi_malay,12.9,2020
35-39,both,2020-01-01,Johor,Kluang,bumi_other,0.5,2020
35-39,both,2020-01-01,Johor,Kluang,chinese,7.0,2020
35-39,both,2020-01-01,Johor,Kluang,indian,2.2,2020
35-39,both,2020-01-01,Johor,Kluang,other_citizen,0.0,2020
35-39,both,2020-01-01,Johor,Kluang,other_noncitizen,3.5,2020
40-44,both,2020-01-01,Johor,Kluang,overall,21.2,2020
40-44,both,2020-01-01,Johor,Kluang,bumi_malay,9.9,2020
40-44,both,2020-01-01,Johor,Kluang,bumi_other,0.4,2020
40-44,both,2020-01-01,Johor,Kluang,chinese,6.6,2020
40-44,both,2020-01-01,Johor,Kluang,indian,2.0,2020
40-44,both,2020-01-01,Johor,Kluang,other_citizen,0.1,2020
40-44,both,2020-01-01,Johor,Kluang,other_noncitizen,2.3,2020
45-49,both,2020-01-01,Johor,Kluang,overall,19.0,2020
45-49,both,2020-01-01,Johor,Kluang,bumi_malay,8.9,2020
45-49,both,2020-01-01,Johor,Kluang,bumi_other,0.3,2020
45-49,both,2020-01-01,Johor,Kluang,chinese,6.4,2020
45-49,both,2020-01-01,Johor,Kluang,indian,1.6,2020
45-49,both,2020-01-01,Johor,Kluang,other_citizen,0.1,2020
45-49,both,2020-01-01,Johor,Kluang,other_noncitizen,1.6,2020
50-54,both,2020-01-01,Johor,Kluang,overall,17.0,2020
50-54,both,2020-01-01,Johor,Kluang,bumi_malay,8.3,2020
50-54,both,2020-01-01,Johor,Kluang,bumi_other,0.2,2020
50-54,both,2020-01-01,Johor,Kluang,chinese,5.9,2020
50-54,both,2020-01-01,Johor,Kluang,indian,1.4,2020
