date,division,inflation_mom,inflation_yoy
2011-11-01,13,0.4,3.2
2011-12-01,13,0.0,3.1
2012-01-01,13,-0.1,2.7
2012-02-01,13,0.4,3.2
2012-03-01,13,-0.1,2.9
2012-04-01,13,-0.2,2.6
2012-05-01,13,0.0,2.2
2012-06-01,13,0.2,2.2
2012-07-01,13,0.4,2.1
2012-08-01,13,-0.1,1.2
2012-09-01,13,0.5,1.0
2012-10-01,13,0.1,1.4
2012-11-01,13,0.1,1.2
2012-12-01,13,-0.2,1.0
2013-01-01,13,0.7,1.7
2013-02-01,13,-0.2,1.2
2013-03-01,13,-0.1,1.2
2013-04-01,13,-0.4,1.0
2013-05-01,13,-0.6,0.4
2013-06-01,13,-0.2,0.0
2013-07-01,13,-0.2,-0.6
2013-08-01,13,0.8,0.3
2013-09-01,13,0.2,0.0
2013-10-01,13,-0.3,-0.4
2013-11-01,13,0.0,-0.5
2013-12-01,13,-0.3,-0.6
2014-01-01,13,0.1,-1.1
2014-02-01,13,0.6,-0.4
2014-03-01,13,0.4,0.1
2014-04-01,13,0.0,0.5
2014-05-01,13,0.0,1.1
2014-06-01,13,0.0,1.2
2014-07-01,13,0.0,1.4
2014-08-01,13,0.2,0.9
2014-09-01,13,0.0,0.7
2014-10-01,13,-0.3,0.7
2014-11-01,13,0.2,0.9
2014-12-01,13,0.3,1.4
2015-01-01,13,0.4,1.7
2015-02-01,13,0.5,1.6
2015-03-01,13,0.3,1.5
2015-04-01,13,2.5,4.1
2015-05-01,13,0.3,4.4
2015-06-01,13,0.2,4.6
2015-07-01,13,0.2,4.7
2015-08-01,13,0.0,4.5
2015-09-01,13,1.0,5.6
2015-10-01,13,-0.1,5.8
2015-11-01,13,0.3,5.9
2015-12-01,13,-0.2,5.4
2016-01-01,13,0.4,5.5
2016-02-01,13,0.3,5.2
2016-03-01,13,0.2,5.1
2016-04-01,13,0.0,2.6
2016-05-01,13,0.2,2.5
2016-06-01,13,0.0,2.3
2016-07-01,13,0.4,2.4
2016-08-01,13,0.1,2.5
2016-09-01,13,0.0,1.5
2016-10-01,13,-0.1,1.5
2016-11-01,13,0.5,1.8
2016-12-01,13,-0.2,1.8
2017-01-01,13,0.1,1.4
2017-02-01,13,0.3,1.4
2017-03-01,13,0.1,1.3
2017-04-01,13,0.2,1.5
2017-05-01,13,0.0,1.3
2017-06-01,13,-0.1,1.2
2017-07-01,13,0.3,1.1
2017-08-01,13,-0.2,0.9
2017-09-01,13,0.2,1.1
2017-10-01,13,0.1,1.2
2017-11-01,13,0.0,0.7
2017-12-01,13,-0.2,0.7
2018-01-01,13,0.3,0.9
2018-02-01,13,-0.3,0.4
2018-03-01,13,0.2,0.4
2018-04-01,13,0.1,0.4
2018-05-01,13,0.1,0.4
2018-06-01,13,-3.1,-2.6
2018-07-01,13,-0.1,-3.0
2018-08-01,13,-0.2,-3.0
2018-09-01,13,0.2,-3.0
2018-10-01,13,0.3,-2.8
2018-11-01,13,0.2,-2.6
2018-12-01,13,0.0,-2.4
2019-01-01,13,0.4,-2.4
2019-02-01,13,-0.1,-2.2
2019-03-01,13,0.4,-2.0
2019-04-01,13,0.1,-2.0
2019-05-01,13,0.0,-2.1
2019-06-01,13,0.3,1.4
2019-07-01,13,0.4,1.8
2019-08-01,13,0.5,2.5
2019-09-01,13,0.4,2.7
2019-10-01,13,-0.2,2.2
2019-11-01,13,0.4,2.5
2019-12-01,13,-0.1,2.4
2020-01-01,13,0.4,2.5
2020-02-01,13,-0.1,2.5
2020-03-01,13,0.4,2.6
2020-04-01,13,-0.2,2.3
2020-05-01,13,0.5,2.8
2020-06-01,13,0.4,3.0
2020-07-01,13,0.3,2.9
2020-08-01,13,0.7,3.1
2020-09-01,13,0.0,2.7
2020-10-01,13,-0.1,2.8
2020-11-01,13,-0.1,2.3
2020-12-01,13,-0.2,2.2
2021-01-01,13,0.1,1.8
2021-02-01,13,-0.3,1.6
2021-03-01,13,-0.2,1.0
2021-04-01,13,0.1,1.2
2021-05-01,13,0.0,0.7
2021-06-01,13,0.1,0.3
2021-07-01,13,0.0,0.1
2021-08-01,13,0.0,-0.6
2021-09-01,13,0.1,-0.5
2021-10-01,13,0.3,-0.2
2021-11-01,13,0.2,0.1
2021-12-01,13,0.2,0.4
2022-01-01,13,0.3,0.6
2022-02-01,13,0.2,1.1
2022-03-01,13,0.6,1.9
2022-04-01,13,0.0,1.8
2022-05-01,13,0.1,1.9
2022-06-01,13,0.4,2.2
2022-07-01,13,-0.1,2.1
2022-08-01,13,0.3,2.4
2022-09-01,13,0.1,2.4
2022-10-01,13,0.3,2.4
2022-11-01,13,0.3,2.6
2022-12-01,13,-0.1,2.3
2023-01-01,13,0.3,2.3
2023-02-01,13,0.3,2.5
2023-03-01,13,0.2,2.1
2023-04-01,13,0.4,2.5
2023-05-01,13,0.4,2.9
2023-06-01,13,0.2,2.6
2023-07-01,13,-0.1,2.6
2023-08-01,13,0.1,2.4
2023-09-01,13,0.2,2.5
2023-10-01,13,0.0,2.3
2023-11-01,13,0.4,2.3
2023-12-01,13,0.2,2.7
2024-01-01,13,0.1,2.5
2024-02-01,13,0.3,2.5
2024-03-01,13,0.4,2.6
2024-04-01,13,0.9,3.1
2024-05-01,13,0.3,3.0
2024-06-01,13,-0.1,2.8
2024-07-01,13,0.3,3.2
2024-08-01,13,0.1,3.2
2024-09-01,13,0.1,3.1
2024-10-01,13,0.2,3.4
2024-11-01,13,0.5,3.4
2024-12-01,13,0.0,3.2
2025-01-01,13,0.2,3.3
2025-02-01,13,0.7,3.7
2025-03-01,13,0.3,3.6
2025-04-01,13,1.3,4.1
2025-05-01,13,0.0,3.7
2025-06-01,13,0.4,4.2
2025-07-01,13,0.0,3.9
2025-08-01,13,0.2,4.0
2025-09-01,13,0.8,4.8
2025-10-01,13,1.4,6.0
2025-11-01,13,0.1,5.6
2025-12-01,13,0.1,5.7
2026-01-01,13,1.0,6.6
2000-02-01,overall,0.1,
2000-03-01,overall,-0.1,
2000-04-01,overall,0.0,
2000-05-01,overall,0.1,
2000-06-01,overall,0.0,
2000-07-01,overall,0.1,
2000-08-01,overall,0.0,
2000-09-01,overall,0.0,
2000-10-01,overall,0.4,
2000-11-01,overall,0.1,
2000-12-01,overall,0.5,
2001-01-01,overall,0.2,1.5
2001-02-01,overall,0.2,1.6
2001-03-01,overall,-0.2,1.5
2001-04-01,overall,0.1,1.6
2001-05-01,overall,0.1,1.6
2001-06-01,overall,-0.1,1.5
2001-07-01,overall,0.0,1.4
2001-08-01,overall,-0.1,1.2
2001-09-01,overall,0.1,1.4
2001-10-01,overall,-0.1,0.9
2001-11-01,overall,0.9,1.6
2001-12-01,overall,0.0,1.1
2002-01-01,overall,0.2,1.1
2002-02-01,overall,0.2,1.1
2002-03-01,overall,0.7,2.1
2002-04-01,overall,-0.1,1.8
2002-05-01,overall,0.1,1.8
2002-06-01,overall,0.1,2.1
2002-07-01,overall,0.0,2.1
2002-08-01,overall,-0.1,2.1
2002-09-01,overall,0.1,2.1
2002-10-01,overall,-0.1,2.1
2002-11-01,overall,0.2,1.5
2002-12-01,overall,0.2,1.7
2003-01-01,overall,0.2,1.7
2003-02-01,overall,0.1,1.6
2003-03-01,overall,-0.1,0.7
2003-04-01,overall,0.1,1.0
2003-05-01,overall,0.1,1.0
2003-06-01,overall,-0.1,0.7
2003-07-01,overall,0.2,1.0
2003-08-01,overall,-0.1,1.0
2003-09-01,overall,0.2,1.1
2003-10-01,overall,0.0,1.2
2003-11-01,overall,0.1,1.1
2003-12-01,overall,0.4,1.2
2004-01-01,overall,0.0,1.0
2004-02-01,overall,0.0,0.8
2004-03-01,overall,0.0,1.0
2004-04-01,overall,0.1,1.0
2004-05-01,overall,0.4,1.2
2004-06-01,overall,0.0,1.3
2004-07-01,overall,0.2,1.3
2004-08-01,overall,0.0,1.4
2004-09-01,overall,0.4,1.5
2004-10-01,overall,0.6,2.1
2004-11-01,overall,0.2,2.3
2004-12-01,overall,0.1,2.0
2005-01-01,overall,0.3,2.4
2005-02-01,overall,0.1,2.5
2005-03-01,overall,0.0,2.5
2005-04-01,overall,0.1,2.5
2005-05-01,overall,0.8,2.9
2005-06-01,overall,0.2,3.2
2005-07-01,overall,0.0,2.9
2005-08-01,overall,0.7,3.6
2005-09-01,overall,0.2,3.5
2005-10-01,overall,0.2,3.1
2005-11-01,overall,0.3,3.2
2005-12-01,overall,0.1,3.2
2006-01-01,overall,0.3,3.2
2006-02-01,overall,0.1,3.2
2006-03-01,overall,1.5,4.7
2006-04-01,overall,0.0,4.6
2006-05-01,overall,0.2,4.0
2006-06-01,overall,0.1,3.9
2006-07-01,overall,0.2,4.1
2006-08-01,overall,-0.1,3.3
2006-09-01,overall,0.2,3.3
2006-10-01,overall,0.0,3.0
2006-11-01,overall,0.3,3.0
2006-12-01,overall,0.1,3.0
2007-01-01,overall,0.5,3.2
2007-02-01,overall,0.0,3.1
2007-03-01,overall,-0.1,1.5
2007-04-01,overall,0.0,1.5
2007-05-01,overall,0.1,1.4
2007-06-01,overall,0.2,1.5
2007-07-01,overall,0.3,1.6
2007-08-01,overall,0.2,2.0
2007-09-01,overall,0.1,1.9
2007-10-01,overall,0.1,2.0
2007-11-01,overall,0.6,2.3
2007-12-01,overall,0.2,2.4
2008-01-01,overall,0.4,2.3
2008-02-01,overall,0.3,2.6
2008-03-01,overall,0.0,2.7
2008-04-01,overall,0.3,3.0
2008-05-01,overall,0.8,3.8
2008-06-01,overall,4.0,7.7
2008-07-01,overall,1.1,8.5
2008-08-01,overall,0.2,8.5
2008-09-01,overall,-0.2,8.2
2008-10-01,overall,-0.4,7.6
2008-11-01,overall,-1.2,5.7
2008-12-01,overall,-0.9,4.5
2009-01-01,overall,-0.1,3.9
2009-02-01,overall,0.2,3.8
2009-03-01,overall,-0.2,3.6
2009-04-01,overall,-0.2,3.1
2009-05-01,overall,0.2,2.4
2009-06-01,overall,0.1,-1.4
2009-07-01,overall,0.1,-2.4
2009-08-01,overall,0.1,-2.5
2009-09-01,overall,0.3,-2.0
2009-10-01,overall,0.1,-1.5
2009-11-01,overall,0.2,-0.1
2009-12-01,overall,0.2,1.0
2010-01-01,overall,0.2,1.3
2010-02-01,overall,0.0,1.1
2010-03-01,overall,0.0,1.3
2010-04-01,overall,0.0,1.5
2010-05-01,overall,0.2,1.5
2010-06-01,overall,0.1,1.5
2010-07-01,overall,0.3,1.7
2010-08-01,overall,0.3,1.9
2010-09-01,overall,0.1,1.7
2010-10-01,overall,0.2,1.8
2010-11-01,overall,0.2,1.8
2010-12-01,overall,0.4,2.0
2011-01-01,overall,0.6,2.4
2011-02-01,overall,0.5,2.9
2011-03-01,overall,0.1,3.0
2011-04-01,overall,0.2,3.2
2011-05-01,overall,0.3,3.3
2011-06-01,overall,0.3,3.5
2011-07-01,overall,0.2,3.4
2011-08-01,overall,0.2,3.3
2011-09-01,overall,0.3,3.5
2011-10-01,overall,0.1,3.4
2011-11-01,overall,0.1,3.3
2011-12-01,overall,0.1,3.0
2012-01-01,overall,0.3,2.7
2012-02-01,overall,0.0,2.2
2012-03-01,overall,0.0,2.1
2012-04-01,overall,0.0,1.9
2012-05-01,overall,0.2,1.7
2012-06-01,overall,0.1,1.6
2012-07-01,overall,0.0,1.4
2012-08-01,overall,0.2,1.4
2012-09-01,overall,0.2,1.3
2012-10-01,overall,0.2,1.3
2012-11-01,overall,0.1,1.3
2012-12-01,overall,0.0,1.2
2013-01-01,overall,0.4,1.3
2013-02-01,overall,0.2,1.5
2013-03-01,overall,0.1,1.6
2013-04-01,overall,0.1,1.7
2013-05-01,overall,0.3,1.8
2013-06-01,overall,0.1,1.8
2013-07-01,overall,0.2,2.0
2013-08-01,overall,0.1,1.9
2013-09-01,overall,0.8,2.6
2013-10-01,overall,0.4,2.8
2013-11-01,overall,0.3,2.9
2013-12-01,overall,0.3,3.2
2014-01-01,overall,0.6,3.4
2014-02-01,overall,0.3,3.5
2014-03-01,overall,0.1,3.5
2014-04-01,overall,0.0,3.4
2014-05-01,overall,0.1,3.2
2014-06-01,overall,0.2,3.3
2014-07-01,overall,0.1,3.2
2014-08-01,overall,0.2,3.3
2014-09-01,overall,0.2,2.6
2014-10-01,overall,0.5,2.8
2014-11-01,overall,0.5,3.0
2014-12-01,overall,-0.1,2.7
2015-01-01,overall,-1.1,1.0
2015-02-01,overall,-0.6,0.1
2015-03-01,overall,0.9,0.9
2015-04-01,overall,0.9,1.8
2015-05-01,overall,0.4,2.1
2015-06-01,overall,0.6,2.5
2015-07-01,overall,0.8,3.3
2015-08-01,overall,0.0,3.1
2015-09-01,overall,-0.3,2.6
2015-10-01,overall,0.4,2.5
2015-11-01,overall,0.6,2.6
2015-12-01,overall,0.0,2.7
2016-01-01,overall,-0.3,3.5
2016-02-01,overall,0.0,4.2
2016-03-01,overall,-0.6,2.6
2016-04-01,overall,0.4,2.1
2016-05-01,overall,0.3,2.0
2016-06-01,overall,0.2,1.6
2016-07-01,overall,0.3,1.1
2016-08-01,overall,0.4,1.5
2016-09-01,overall,-0.3,1.5
2016-10-01,overall,0.3,1.4
2016-11-01,overall,1.0,1.7
2016-12-01,overall,0.0,1.7
2017-01-01,overall,1.1,3.1
2017-02-01,overall,1.3,4.5
2017-03-01,overall,-0.2,4.9
2017-04-01,overall,-0.2,4.3
2017-05-01,overall,-0.2,3.8
2017-06-01,overall,-0.3,3.4
2017-07-01,overall,0.0,3.1
2017-08-01,overall,0.9,3.6
2017-09-01,overall,0.3,4.2
2017-10-01,overall,-0.1,3.7
2017-11-01,overall,0.7,3.4
2017-12-01,overall,0.1,3.5
2018-01-01,overall,0.3,2.7
2018-02-01,overall,0.0,1.4
2018-03-01,overall,-0.3,1.3
2018-04-01,overall,0.0,1.4
2018-05-01,overall,0.2,1.8
2018-06-01,overall,-1.2,0.8
2018-07-01,overall,0.2,0.9
2018-08-01,overall,0.2,0.2
2018-09-01,overall,0.4,0.3
2018-10-01,overall,0.2,0.6
2018-11-01,overall,0.2,0.2
2018-12-01,overall,0.1,0.2
2019-01-01,overall,-0.5,-0.7
2019-02-01,overall,0.2,-0.4
2019-03-01,overall,0.2,0.2
2019-04-01,overall,0.0,0.2
2019-05-01,overall,0.2,0.2
2019-06-01,overall,0.0,1.5
2019-07-01,overall,0.1,1.4
2019-08-01,overall,0.2,1.5
2019-09-01,overall,0.0,1.1
2019-10-01,overall,0.2,1.1
2019-11-01,overall,0.1,0.9
2019-12-01,overall,0.2,1.0
2020-01-01,overall,0.1,1.6
2020-02-01,overall,0.0,1.3
2020-03-01,overall,-1.2,-0.2
2020-04-01,overall,-2.7,-2.9
2020-05-01,overall,0.3,-2.9
2020-06-01,overall,1.0,-1.9
2020-07-01,overall,0.7,-1.3
2020-08-01,overall,0.2,-1.4
2020-09-01,overall,0.0,-1.4
2020-10-01,overall,0.1,-1.5
2020-11-01,overall,-0.2,-1.7
2020-12-01,overall,0.5,-1.4
2021-01-01,overall,1.2,-0.2
2021-02-01,overall,0.3,0.1
2021-03-01,overall,0.3,1.7
2021-04-01,overall,0.2,4.7
2021-05-01,overall,0.0,4.4
2021-06-01,overall,0.1,3.4
2021-07-01,overall,-0.6,2.2
2021-08-01,overall,0.0,2.0
2021-09-01,overall,0.2,2.2
2021-10-01,overall,0.7,2.9
2021-11-01,overall,0.2,3.3
2021-12-01,overall,0.4,3.2
2022-01-01,overall,0.3,2.3
2022-02-01,overall,0.2,2.2
2022-03-01,overall,0.3,2.2
2022-04-01,overall,0.2,2.3
2022-05-01,overall,0.6,2.8
2022-06-01,overall,0.6,3.4
2022-07-01,overall,0.4,4.4
2022-08-01,overall,0.2,4.7
2022-09-01,overall,0.1,4.5
2022-10-01,overall,0.2,4.0
2022-11-01,overall,0.3,4.0
2022-12-01,overall,0.2,3.8
2023-01-01,overall,0.2,3.7
2023-02-01,overall,0.2,3.7
2023-03-01,overall,0.1,3.4
2023-04-01,overall,0.1,3.3
2023-05-01,overall,0.2,2.8
2023-06-01,overall,0.2,2.4
2023-07-01,overall,0.1,2.0
2023-08-01,overall,0.2,2.0
2023-09-01,overall,0.1,1.9
2023-10-01,overall,0.1,1.8
2023-11-01,overall,0.0,1.5
2023-12-01,overall,0.2,1.5
2024-01-01,overall,0.2,1.5
2024-02-01,overall,0.5,1.8
2024-03-01,overall,0.1,1.8
2024-04-01,overall,0.2,1.8
2024-05-01,overall,0.3,2.0
2024-06-01,overall,0.2,2.0
2024-07-01,overall,0.1,2.0
2024-08-01,overall,0.1,1.9
2024-09-01,overall,0.0,1.8
2024-10-01,overall,0.2,1.9
2024-11-01,overall,-0.1,1.8
2024-12-01,overall,0.1,1.7
2025-01-01,overall,0.1,1.7
2025-02-01,overall,0.4,1.5
2025-03-01,overall,0.0,1.4
2025-04-01,overall,0.1,1.4
2025-05-01,overall,0.1,1.2
2025-06-01,overall,0.1,1.1
2025-07-01,overall,0.1,1.2
2025-08-01,overall,0.1,1.3
2025-09-01,overall,0.2,1.5
2025-10-01,overall,-0.1,1.3
2025-11-01,overall,0.0,1.4
2025-12-01,overall,0.3,1.6
2026-01-01,overall,0.1,1.6
2000-02-01,01,-0.3,
2000-03-01,01,-0.4,
2000-04-01,01,0.0,
2000-05-01,01,0.0,
2000-06-01,01,0.0,
2000-07-01,01,0.0,
2000-08-01,01,-0.3,
2000-09-01,01,-0.1,
2000-10-01,01,0.0,
2000-11-01,01,0.0,
2000-12-01,01,1.2,
2001-01-01,01,0.5,0.7
2001-02-01,01,-0.1,0.8
2001-03-01,01,-0.5,0.7
2001-04-01,01,0.0,0.7
2001-05-01,01,0.3,0.9
2001-06-01,01,-0.4,0.5
2001-07-01,01,-0.1,0.4
2001-08-01,01,-0.3,0.4
2001-09-01,01,0.4,0.9
2001-10-01,01,-0.4,0.5
2001-11-01,01,0.7,1.2
2001-12-01,01,0.3,0.3
2002-01-01,01,0.5,0.3
2002-02-01,01,0.5,0.9
2002-03-01,01,-0.8,0.7
2002-04-01,01,-0.3,0.4
2002-05-01,01,-0.1,0.0
2002-06-01,01,0.4,0.8
2002-07-01,01,-0.1,0.8
2002-08-01,01,-0.1,0.9
2002-09-01,01,0.0,0.5
2002-10-01,01,0.0,0.9
2002-11-01,01,0.7,0.9
2002-12-01,01,0.7,1.3
2003-01-01,01,0.4,1.2
2003-02-01,01,0.3,0.9
2003-03-01,01,-0.8,0.9
2003-04-01,01,0.1,1.3
2003-05-01,01,0.1,1.6
2003-06-01,01,-0.1,1.1
2003-07-01,01,0.3,1.5
2003-08-01,01,0.0,1.6
2003-09-01,01,-0.1,1.5
2003-10-01,01,0.3,1.7
2003-11-01,01,0.3,1.3
2003-12-01,01,0.8,1.4
2004-01-01,01,0.1,1.2
2004-02-01,01,0.0,0.9
2004-03-01,01,-0.3,1.4
2004-04-01,01,0.3,1.6
2004-05-01,01,0.5,2.0
2004-06-01,01,0.4,2.5
2004-07-01,01,0.3,2.5
2004-08-01,01,0.1,2.6
2004-09-01,01,-0.3,2.5
2004-10-01,01,0.6,2.9
2004-11-01,01,0.8,3.4
2004-12-01,01,0.4,3.0
2005-01-01,01,0.4,3.2
2005-02-01,01,0.0,3.2
2005-03-01,01,0.1,3.6
2005-04-01,01,0.4,3.8
2005-05-01,01,0.5,3.7
2005-06-01,01,0.5,3.8
2005-07-01,01,-0.2,3.3
2005-08-01,01,0.4,3.6
2005-09-01,01,0.2,4.1
2005-10-01,01,0.4,3.8
2005-11-01,01,0.6,3.7
2005-12-01,01,0.5,3.8
2006-01-01,01,0.7,4.1
2006-02-01,01,-0.1,4.0
2006-03-01,01,-0.4,3.5
2006-04-01,01,0.0,3.1
2006-05-01,01,0.6,3.2
2006-06-01,01,0.5,3.2
2006-07-01,01,0.4,3.8
2006-08-01,01,-0.2,3.2
2006-09-01,01,0.1,3.1
2006-10-01,01,0.2,2.9
2006-11-01,01,0.6,2.9
2006-12-01,01,0.5,2.9
2007-01-01,01,0.9,3.1
2007-02-01,01,0.0,3.3
2007-03-01,01,-0.5,3.1
2007-04-01,01,0.0,3.1
2007-05-01,01,0.0,2.5
2007-06-01,01,0.2,2.3
2007-07-01,01,0.4,2.3
2007-08-01,01,0.3,2.9
2007-09-01,01,0.2,3.0
2007-10-01,01,0.2,3.0
2007-11-01,01,1.5,3.9
2007-12-01,01,0.8,4.2
2008-01-01,01,0.7,4.0
2008-02-01,01,0.4,4.4
2008-03-01,01,0.0,4.9
2008-04-01,01,0.7,5.6
2008-05-01,01,2.3,8.1
2008-06-01,01,2.1,10.1
2008-07-01,01,1.4,11.2
2008-08-01,01,0.8,11.7
2008-09-01,01,0.7,12.3
2008-10-01,01,0.2,12.3
2008-11-01,01,0.3,10.9
2008-12-01,01,0.3,10.4
2009-01-01,01,0.1,9.8
2009-02-01,01,0.0,9.3
2009-03-01,01,-0.5,8.7
2009-04-01,01,-0.4,7.5
2009-05-01,01,0.1,5.2
2009-06-01,01,0.2,3.3
2009-07-01,01,0.2,2.1
2009-08-01,01,0.1,1.4
2009-09-01,01,0.4,1.0
2009-10-01,01,0.0,0.8
2009-11-01,01,0.4,0.9
2009-12-01,01,0.5,1.1
2010-01-01,01,0.2,1.2
2010-02-01,01,0.0,1.2
2010-03-01,01,0.0,1.7
2010-04-01,01,0.1,2.3
2010-05-01,01,0.4,2.6
2010-06-01,01,0.5,2.9
2010-07-01,01,0.2,2.9
2010-08-01,01,0.3,3.1
2010-09-01,01,0.0,2.7
2010-10-01,01,0.1,2.8
2010-11-01,01,0.5,2.8
2010-12-01,01,0.3,2.6
2011-01-01,01,1.2,3.6
2011-02-01,01,1.1,4.7
2011-03-01,01,0.0,4.7
2011-04-01,01,0.3,4.9
2011-05-01,01,0.0,4.5
2011-06-01,01,0.7,4.7
2011-07-01,01,0.4,4.9
2011-08-01,01,0.0,4.6
2011-09-01,01,0.4,5.0
2011-10-01,01,0.8,5.7
2011-11-01,01,0.0,5.1
2011-12-01,01,0.3,5.1
2012-01-01,01,0.8,4.8
2012-02-01,01,-0.7,2.9
2012-03-01,01,0.0,2.9
2012-04-01,01,-0.3,2.3
2012-05-01,01,0.7,3.0
2012-06-01,01,0.6,2.9
2012-07-01,01,0.1,2.6
2012-08-01,01,0.2,2.8
2012-09-01,01,0.0,2.4
2012-10-01,01,0.4,2.0
2012-11-01,01,0.0,2.0
2012-12-01,01,0.3,2.0
2013-01-01,01,1.1,2.2
2013-02-01,01,0.3,3.3
2013-03-01,01,0.0,3.3
2013-04-01,01,0.2,3.8
2013-05-01,01,0.4,3.5
2013-06-01,01,0.4,3.2
2013-07-01,01,0.7,3.9
2013-08-01,01,-0.1,3.6
2013-09-01,01,0.3,3.9
2013-10-01,01,0.2,3.7
2013-11-01,01,0.2,3.9
2013-12-01,01,0.9,4.5
2014-01-01,01,0.8,4.2
2014-02-01,01,-0.1,3.8
2014-03-01,01,0.1,3.9
2014-04-01,01,-0.1,3.6
2014-05-01,01,0.1,3.3
2014-06-01,01,0.5,3.5
2014-07-01,01,0.3,3.1
2014-08-01,01,0.1,3.3
2014-09-01,01,0.2,3.2
2014-10-01,01,-0.2,2.8
2014-11-01,01,0.3,2.9
2014-12-01,01,0.3,2.4
2015-01-01,01,1.2,2.8
2015-02-01,01,-0.2,2.7
2015-03-01,01,-0.3,2.3
2015-04-01,01,0.8,3.1
2015-05-01,01,0.4,3.5
2015-06-01,01,0.4,3.4
2015-07-01,01,0.8,3.8
2015-08-01,01,0.5,4.2
2015-09-01,01,0.2,4.3
2015-10-01,01,0.2,4.7
2015-11-01,01,-0.2,4.1
2015-12-01,01,0.7,4.6
2016-01-01,01,0.6,3.9
2016-02-01,01,0.7,4.8
2016-03-01,01,-0.1,5.0
2016-04-01,01,0.0,4.2
2016-05-01,01,0.3,4.1
2016-06-01,01,0.5,4.2
2016-07-01,01,0.3,3.8
2016-08-01,01,0.2,3.5
2016-09-01,01,-0.2,3.0
2016-10-01,01,-0.3,2.5
2016-11-01,01,0.7,3.5
2016-12-01,01,0.6,3.4
2017-01-01,01,0.9,3.7
2017-02-01,01,0.9,4.0
2017-03-01,01,-0.4,3.7
2017-04-01,01,0.1,3.7
2017-05-01,01,0.5,4.0
2017-06-01,01,0.4,3.9
2017-07-01,01,0.3,3.9
2017-08-01,01,0.3,3.9
2017-09-01,01,0.1,4.3
2017-10-01,01,-0.2,4.4
2017-11-01,01,0.4,4.0
2017-12-01,01,0.7,4.1
2018-01-01,01,0.6,3.8
2018-02-01,01,0.2,3.0
2018-03-01,01,-0.5,2.8
2018-04-01,01,-0.2,2.6
2018-05-01,01,0.2,2.2
2018-06-01,01,-1.0,0.8
2018-07-01,01,0.2,0.7
2018-08-01,01,0.0,0.4
2018-09-01,01,0.2,0.5
2018-10-01,01,0.5,1.2
2018-11-01,01,0.2,1.1
2018-12-01,01,0.3,0.7
2019-01-01,01,0.9,1.0
2019-02-01,01,0.2,1.0
2019-03-01,01,-0.5,1.1
2019-04-01,01,-0.2,1.1
2019-05-01,01,0.3,1.2
2019-06-01,01,0.1,2.3
2019-07-01,01,0.3,2.4
2019-08-01,01,0.2,2.6
2019-09-01,01,-0.2,2.2
2019-10-01,01,0.1,1.8
2019-11-01,01,0.0,1.5
2019-12-01,01,0.5,1.7
2020-01-01,01,0.1,0.9
2020-02-01,01,0.1,0.8
2020-03-01,01,-0.1,1.2
2020-04-01,01,-0.1,1.2
2020-05-01,01,0.3,1.2
2020-06-01,01,0.4,1.6
2020-07-01,01,0.1,1.4
2020-08-01,01,0.1,1.3
2020-09-01,01,-0.1,1.4
2020-10-01,01,0.1,1.5
2020-11-01,01,-0.1,1.4
2020-12-01,01,0.5,1.4
2021-01-01,01,0.2,1.5
2021-02-01,01,0.0,1.4
2021-03-01,01,0.0,1.5
2021-04-01,01,0.3,1.9
2021-05-01,01,-0.1,1.5
2021-06-01,01,0.3,1.3
2021-07-01,01,0.0,1.3
2021-08-01,01,0.1,1.2
2021-09-01,01,0.6,1.9
2021-10-01,01,0.2,1.9
2021-11-01,01,0.6,2.7
2021-12-01,01,1.0,3.2
2022-01-01,01,0.6,3.6
2022-02-01,01,0.1,3.7
2022-03-01,01,0.3,4.0
2022-04-01,01,0.4,4.1
2022-05-01,01,0.9,5.2
2022-06-01,01,1.2,6.1
2022-07-01,01,0.7,6.9
2022-08-01,01,0.3,7.2
2022-09-01,01,0.3,6.8
2022-10-01,01,0.5,7.1
2022-11-01,01,0.7,7.3
2022-12-01,01,0.5,6.8
2023-01-01,01,0.6,6.7
2023-02-01,01,0.4,7.0
2023-03-01,01,0.1,6.9
2023-04-01,01,-0.1,6.3
2023-05-01,01,0.5,5.9
2023-06-01,01,0.1,4.7
2023-07-01,01,0.4,4.4
2023-08-01,01,0.1,4.1
2023-09-01,01,0.1,3.9
2023-10-01,01,0.1,3.6
2023-11-01,01,-0.3,2.6
2023-12-01,01,0.3,2.3
2024-01-01,01,0.3,2.0
2024-02-01,01,0.3,1.9
2024-03-01,01,0.0,1.7
2024-04-01,01,0.1,2.0
2024-05-01,01,0.3,1.8
2024-06-01,01,0.3,2.0
2024-07-01,01,0.1,1.6
2024-08-01,01,0.1,1.6
2024-09-01,01,0.1,1.6
2024-10-01,01,0.8,2.3
2024-11-01,01,0.0,2.6
2024-12-01,01,0.4,2.7
2025-01-01,01,0.1,2.5
2025-02-01,01,0.2,2.5
2025-03-01,01,0.1,2.5
2025-04-01,01,-0.1,2.3
2025-05-01,01,0.1,2.1
2025-06-01,01,0.2,2.1
2025-07-01,01,-0.1,1.9
2025-08-01,01,0.1,2.0
2025-09-01,01,0.2,2.1
2025-10-01,01,0.2,1.5
2025-11-01,01,0.0,1.5
2025-12-01,01,0.4,1.5
2026-01-01,01,0.2,1.5
2000-02-01,02,0.0,
2000-03-01,02,0.2,
2000-04-01,02,0.2,
2000-05-01,02,0.0,
2000-06-01,02,0.0,
2000-07-01,02,0.2,
2000-08-01,02,0.0,
2000-09-01,02,0.2,
2000-10-01,02,0.0,
2000-11-01,02,4.0,
2000-12-01,02,0.0,
2001-01-01,02,0.0,4.7
2001-02-01,02,0.2,4.9
2001-03-01,02,0.0,4.7
2001-04-01,02,0.2,4.7
2001-05-01,02,0.0,4.7
2001-06-01,02,0.0,4.7
2001-07-01,02,0.2,4.7
2001-08-01,02,-0.2,4.5
2001-09-01,02,0.2,4.5
2001-10-01,02,0.0,4.5
2001-11-01,02,4.7,5.2
2001-12-01,02,0.0,5.2
2002-01-01,02,0.0,5.2
2002-02-01,02,0.0,5.0
2002-03-01,02,0.0,5.0
2002-04-01,02,0.0,4.9
2002-05-01,02,0.0,4.9
2002-06-01,02,0.0,4.9
2002-07-01,02,0.2,4.8
2002-08-01,02,0.0,5.0
2002-09-01,02,0.0,4.8
2002-10-01,02,0.0,4.8
2002-11-01,02,0.0,0.2
2002-12-01,02,0.0,0.2
2003-01-01,02,0.0,0.2
2003-02-01,02,0.0,0.2
2003-03-01,02,0.0,0.2
2003-04-01,02,0.2,0.3
2003-05-01,02,-0.2,0.2
2003-06-01,02,0.2,0.3
2003-07-01,02,0.0,0.2
2003-08-01,02,0.0,0.2
2003-09-01,02,4.6,4.8
2003-10-01,02,0.0,4.8
2003-11-01,02,0.0,4.8
2003-12-01,02,0.2,5.0
2004-01-01,02,0.0,5.0
2004-02-01,02,0.0,5.0
2004-03-01,02,0.2,5.1
2004-04-01,02,0.0,4.9
2004-05-01,02,0.0,5.1
2004-06-01,02,0.0,4.9
2004-07-01,02,0.2,5.1
2004-08-01,02,0.0,5.1
2004-09-01,02,12.2,12.8
2004-10-01,02,0.4,13.2
2004-11-01,02,0.0,13.2
2004-12-01,02,0.1,13.2
2005-01-01,02,0.0,13.2
2005-02-01,02,0.0,13.2
2005-03-01,02,0.1,13.2
2005-04-01,02,-0.1,13.0
2005-05-01,02,0.1,13.2
2005-06-01,02,0.1,13.3
2005-07-01,02,0.1,13.3
2005-08-01,02,0.0,13.3
2005-09-01,02,0.0,1.0
2005-10-01,02,6.5,7.1
2005-11-01,02,0.0,7.1
2005-12-01,02,0.0,6.9
2006-01-01,02,0.1,7.1
2006-02-01,02,0.1,7.2
2006-03-01,02,0.0,7.1
2006-04-01,02,0.0,7.2
2006-05-01,02,0.0,7.1
2006-06-01,02,0.0,6.9
2006-07-01,02,0.1,6.9
2006-08-01,02,0.0,6.9
2006-09-01,02,4.7,11.9
2006-10-01,02,0.0,5.1
2006-11-01,02,0.0,5.1
2006-12-01,02,0.1,5.2
2007-01-01,02,-0.1,4.9
2007-02-01,02,0.0,4.8
2007-03-01,02,0.0,4.8
2007-04-01,02,0.0,4.8
2007-05-01,02,0.0,4.8
2007-06-01,02,0.0,4.8
2007-07-01,02,8.8,13.8
2007-08-01,02,0.1,14.0
2007-09-01,02,0.0,8.9
2007-10-01,02,0.0,8.9
2007-11-01,02,0.0,8.9
2007-12-01,02,0.0,8.8
2008-01-01,02,0.1,9.0
2008-02-01,02,0.0,9.0
2008-03-01,02,0.0,9.0
2008-04-01,02,0.0,9.0
2008-05-01,02,0.1,9.1
2008-06-01,02,0.1,9.3
2008-07-01,02,0.1,0.6
2008-08-01,02,0.0,0.5
2008-09-01,02,7.9,8.4
2008-10-01,02,-0.1,8.3
2008-11-01,02,0.1,8.4
2008-12-01,02,0.0,8.4
2009-01-01,02,0.0,8.3
2009-02-01,02,-0.1,8.2
2009-03-01,02,0.1,8.3
2009-04-01,02,0.0,8.3
2009-05-01,02,0.0,8.2
2009-06-01,02,0.1,8.1
2009-07-01,02,0.0,8.0
2009-08-01,02,0.0,8.0
2009-09-01,02,0.0,0.1
2009-10-01,02,2.7,2.9
2009-11-01,02,0.1,2.9
2009-12-01,02,0.0,2.9
2010-01-01,02,0.0,2.9
2010-02-01,02,0.0,3.0
2010-03-01,02,0.1,3.0
2010-04-01,02,0.0,3.0
2010-05-01,02,0.0,3.0
2010-06-01,02,0.1,3.0
2010-07-01,02,0.1,3.1
2010-08-01,02,0.0,3.1
2010-09-01,02,0.1,3.2
2010-10-01,02,6.0,6.5
2010-11-01,02,0.0,6.4
2010-12-01,02,0.0,6.4
2011-01-01,02,0.0,6.4
2011-02-01,02,0.0,6.4
2011-03-01,02,0.0,6.3
2011-04-01,02,0.0,6.3
2011-05-01,02,0.0,6.3
2011-06-01,02,0.1,6.3
2011-07-01,02,-0.1,6.1
2011-08-01,02,0.0,6.1
2011-09-01,02,0.0,6.0
2011-10-01,02,0.0,0.0
2011-11-01,02,0.0,0.0
2011-12-01,02,0.0,0.0
2012-01-01,02,0.0,0.0
2012-02-01,02,0.0,0.0
2012-03-01,02,0.0,0.0
2012-04-01,02,0.0,0.0
2012-05-01,02,0.1,0.1
2012-06-01,02,0.0,0.0
2012-07-01,02,0.0,0.1
2012-08-01,02,0.1,0.2
2012-09-01,02,0.1,0.3
2012-10-01,02,0.0,0.3
2012-11-01,02,1.6,1.9
2012-12-01,02,0.0,1.9
2013-01-01,02,0.1,2.0
2013-02-01,02,0.0,2.0
2013-03-01,02,0.0,2.0
2013-04-01,02,0.0,2.0
2013-05-01,02,0.0,1.9
2013-06-01,02,2.2,4.2
2013-07-01,02,0.0,4.2
2013-08-01,02,0.0,4.1
2013-09-01,02,0.5,4.5
2013-10-01,02,11.0,16.0
2013-11-01,02,0.0,14.2
2013-12-01,02,-0.1,14.1
2014-01-01,02,0.1,14.1
2014-02-01,02,0.0,14.1
2014-03-01,02,0.0,14.1
2014-04-01,02,0.0,14.1
2014-05-01,02,0.0,14.1
2014-06-01,02,0.1,11.6
2014-07-01,02,0.0,11.6
2014-08-01,02,0.0,11.6
2014-09-01,02,3.3,14.8
2014-10-01,02,-3.1,0.2
2014-11-01,02,10.3,10.5
2014-12-01,02,0.0,10.6
2015-01-01,02,0.1,10.6
2015-02-01,02,0.0,10.6
2015-03-01,02,0.0,10.6
2015-04-01,02,2.2,13.0
2015-05-01,02,-1.5,11.3
2015-06-01,02,0.1,11.3
2015-07-01,02,1.8,13.3
2015-08-01,02,0.1,13.4
2015-09-01,02,0.0,9.8
2015-10-01,02,0.0,13.3
2015-11-01,02,17.5,20.7
2015-12-01,02,1.7,22.8
2016-01-01,02,-0.1,22.6
2016-02-01,02,0.0,22.6
2016-03-01,02,0.1,22.7
2016-04-01,02,0.0,20.1
2016-05-01,02,0.1,22.1
2016-06-01,02,0.0,21.9
2016-07-01,02,0.1,19.9
2016-08-01,02,-0.1,19.7
2016-09-01,02,0.0,19.7
2016-10-01,02,0.1,19.8
2016-11-01,02,0.0,1.9
2016-12-01,02,-0.1,0.1
2017-01-01,02,0.0,0.2
2017-02-01,02,0.0,0.2
