date,age_group,fertility_rate
1958-01-01,tfr,6.28
1959-01-01,tfr,6.18
1960-01-01,tfr,6.04
1961-01-01,tfr,6.2
1962-01-01,tfr,6.04
1963-01-01,tfr,5.97
1964-01-01,tfr,5.97
1965-01-01,tfr,5.63
1966-01-01,tfr,5.72
1967-01-01,tfr,5.38
1968-01-01,tfr,5.38
1969-01-01,tfr,5.06
1970-01-01,tfr,4.88
1971-01-01,tfr,4.87
1972-01-01,tfr,4.71
1973-01-01,tfr,4.49
1974-01-01,tfr,4.42
1975-01-01,tfr,4.28
1976-01-01,tfr,4.24
1977-01-01,tfr,4.09
1978-01-01,tfr,3.95
1979-01-01,tfr,3.99
1980-01-01,tfr,3.99
1981-01-01,tfr,4.01
1982-01-01,tfr,3.96
1983-01-01,tfr,3.82
1984-01-01,tfr,3.9
1985-01-01,tfr,3.98
1986-01-01,tfr,3.85
1987-01-01,tfr,3.68
1988-01-01,tfr,3.7
1989-01-01,tfr,3.36
1990-01-01,tfr,3.49
1991-01-01,tfr,3.45
1992-01-01,tfr,3.47
1993-01-01,tfr,3.47
1994-01-01,tfr,3.35
1995-01-01,tfr,3.28
1996-01-01,tfr,3.23
1997-01-01,tfr,3.12
1998-01-01,tfr,2.97
1999-01-01,tfr,2.9
2000-01-01,tfr,2.93
2001-01-01,tfr,2.71
2002-01-01,tfr,2.61
2003-01-01,tfr,2.49
2004-01-01,tfr,2.45
2005-01-01,tfr,2.36
2006-01-01,tfr,2.3
2007-01-01,tfr,2.27
2008-01-01,tfr,2.27
2009-01-01,tfr,2.24
2010-01-01,tfr,2.14
2011-01-01,tfr,2.17
2012-01-01,tfr,2.19
2013-01-01,tfr,2.02
2014-01-01,tfr,2.07
2015-01-01,tfr,2.0
2016-01-01,tfr,1.92
2017-01-01,tfr,1.89
2018-01-01,tfr,1.84
2019-01-01,tfr,1.78
2020-01-01,tfr,1.71
2021-01-01,tfr,1.7
2022-01-01,tfr,1.63
2023-01-01,tfr,1.73
1958-01-01,15–19,128.0
1959-01-01,15–19,123.0
1960-01-01,15–19,114.0
1961-01-01,15–19,118.0
1962-01-01,15–19,105.0
1963-01-01,15–19,91.0
1964-01-01,15–19,85.0
1965-01-01,15–19,80.0
1966-01-01,15–19,78.0
1967-01-01,15–19,68.0
1968-01-01,15–19,65.0
1969-01-01,15–19,58.0
1970-01-01,15–19,58.0
1971-01-01,15–19,58.0
1972-01-01,15–19,56.0
1973-01-01,15–19,53.0
1974-01-01,15–19,53.0
1975-01-01,15–19,53.0
1976-01-01,15–19,49.0
1977-01-01,15–19,48.0
1978-01-01,15–19,45.0
1979-01-01,15–19,44.0
1980-01-01,15–19,43.0
1981-01-01,15–19,42.0
1982-01-01,15–19,40.0
1983-01-01,15–19,37.0
1984-01-01,15–19,36.0
1985-01-01,15–19,35.0
1986-01-01,15–19,34.0
1987-01-01,15–19,31.0
1988-01-01,15–19,29.0
1989-01-01,15–19,28.0
1990-01-01,15–19,29.0
1991-01-01,15–19,28.0
1992-01-01,15–19,28.0
1993-01-01,15–19,27.0
1994-01-01,15–19,26.0
1995-01-01,15–19,23.0
1996-01-01,15–19,23.0
1997-01-01,15–19,21.0
1998-01-01,15–19,19.0
1999-01-01,15–19,17.0
2000-01-01,15–19,15.0
2001-01-01,15–19,15.0
2002-01-01,15–19,13.0
2003-01-01,15–19,13.0
2004-01-01,15–19,13.0
2005-01-01,15–19,12.0
2006-01-01,15–19,12.0
2007-01-01,15–19,12.0
2008-01-01,15–19,13.0
2009-01-01,15–19,14.0
2010-01-01,15–19,14.0
2011-01-01,15–19,14.0
2012-01-01,15–19,14.0
2013-01-01,15–19,13.0
2014-01-01,15–19,13.0
2015-01-01,15–19,12.0
2016-01-01,15–19,10.0
2017-01-01,15–19,9.0
2018-01-01,15–19,9.0
2019-01-01,15–19,8.25
2020-01-01,15–19,7.6
2021-01-01,15–19,6.08
2022-01-01,15–19,6.0
2023-01-01,15–19,7.0
1958-01-01,20–24,318.0
1959-01-01,20–24,313.0
1960-01-01,20–24,306.0
1961-01-01,20–24,313.0
1962-01-01,20–24,299.0
1963-01-01,20–24,284.0
1964-01-01,20–24,282.0
1965-01-01,20–24,261.0
1966-01-01,20–24,259.0
1967-01-01,20–24,247.0
1968-01-01,20–24,240.0
1969-01-01,20–24,225.0
1970-01-01,20–24,226.0
1971-01-01,20–24,225.0
1972-01-01,20–24,215.0
1973-01-01,20–24,205.0
1974-01-01,20–24,207.0
1975-01-01,20–24,198.0
1976-01-01,20–24,200.0
1977-01-01,20–24,191.0
1978-01-01,20–24,187.0
1979-01-01,20–24,184.0
1980-01-01,20–24,183.0
1981-01-01,20–24,184.0
1982-01-01,20–24,179.0
1983-01-01,20–24,171.0
1984-01-01,20–24,170.0
1985-01-01,20–24,167.0
1986-01-01,20–24,159.0
1987-01-01,20–24,148.0
1988-01-01,20–24,147.0
1989-01-01,20–24,135.0
1990-01-01,20–24,139.0
1991-01-01,20–24,139.0
1992-01-01,20–24,140.0
1993-01-01,20–24,140.0
1994-01-01,20–24,134.0
1995-01-01,20–24,131.0
1996-01-01,20–24,129.0
1997-01-01,20–24,123.0
1998-01-01,20–24,116.0
1999-01-01,20–24,102.0
2000-01-01,20–24,95.0
2001-01-01,20–24,88.0
2002-01-01,20–24,81.0
2003-01-01,20–24,76.0
2004-01-01,20–24,72.0
2005-01-01,20–24,69.0
2006-01-01,20–24,66.0
2007-01-01,20–24,63.0
2008-01-01,20–24,64.0
2009-01-01,20–24,63.0
2010-01-01,20–24,58.0
2011-01-01,20–24,57.0
2012-01-01,20–24,56.0
2013-01-01,20–24,51.0
2014-01-01,20–24,51.0
2015-01-01,20–24,48.0
2016-01-01,20–24,47.0
2017-01-01,20–24,46.0
2018-01-01,20–24,44.0
2019-01-01,20–24,42.07
2020-01-01,20–24,39.87
2021-01-01,20–24,38.95
2022-01-01,20–24,38.94
2023-01-01,20–24,39.0
1958-01-01,25–29,318.0
1959-01-01,25–29,305.0
1960-01-01,25–29,301.0
1961-01-01,25–29,314.0
1962-01-01,25–29,318.0
1963-01-01,25–29,323.0
1964-01-01,25–29,322.0
1965-01-01,25–29,302.0
1966-01-01,25–29,306.0
1967-01-01,25–29,292.0
1968-01-01,25–29,291.0
1969-01-01,25–29,274.0
1970-01-01,25–29,262.0
1971-01-01,25–29,258.0
1972-01-01,25–29,253.0
1973-01-01,25–29,242.0
1974-01-01,25–29,241.0
1975-01-01,25–29,240.0
1976-01-01,25–29,244.0
1977-01-01,25–29,232.0
1978-01-01,25–29,230.0
1979-01-01,25–29,234.0
1980-01-01,25–29,237.0
1981-01-01,25–29,237.0
1982-01-01,25–29,233.0
1983-01-01,25–29,227.0
1984-01-01,25–29,234.0
1985-01-01,25–29,239.0
1986-01-01,25–29,230.0
1987-01-01,25–29,221.0
1988-01-01,25–29,226.0
1989-01-01,25–29,197.0
1990-01-01,25–29,209.0
1991-01-01,25–29,208.0
1992-01-01,25–29,209.0
1993-01-01,25–29,212.0
1994-01-01,25–29,205.0
1995-01-01,25–29,203.0
1996-01-01,25–29,199.0
1997-01-01,25–29,196.0
1998-01-01,25–29,183.0
1999-01-01,25–29,181.0
2000-01-01,25–29,184.0
2001-01-01,25–29,168.0
2002-01-01,25–29,163.0
2003-01-01,25–29,157.0
2004-01-01,25–29,154.0
2005-01-01,25–29,149.0
2006-01-01,25–29,145.0
2007-01-01,25–29,142.0
2008-01-01,25–29,139.0
2009-01-01,25–29,135.0
2010-01-01,25–29,128.0
2011-01-01,25–29,129.0
2012-01-01,25–29,130.0
2013-01-01,25–29,122.0
2014-01-01,25–29,123.0
2015-01-01,25–29,118.0
2016-01-01,25–29,111.0
2017-01-01,25–29,108.0
2018-01-01,25–29,103.0
2019-01-01,25–29,100.95
2020-01-01,25–29,96.87
2021-01-01,25–29,106.16
2022-01-01,25–29,105.94
2023-01-01,25–29,108.0
1958-01-01,30–34,243.0
1959-01-01,30–34,237.0
1960-01-01,30–34,241.0
1961-01-01,30–34,258.0
1962-01-01,30–34,257.0
1963-01-01,30–34,252.0
1964-01-01,30–34,248.0
1965-01-01,30–34,241.0
1966-01-01,30–34,253.0
1967-01-01,30–34,241.0
1968-01-01,30–34,250.0
1969-01-01,30–34,234.0
1970-01-01,30–34,214.0
1971-01-01,30–34,217.0
1972-01-01,30–34,211.0
1973-01-01,30–34,199.0
1974-01-01,30–34,195.0
1975-01-01,30–34,183.0
1976-01-01,30–34,182.0
1977-01-01,30–34,177.0
1978-01-01,30–34,170.0
1979-01-01,30–34,177.0
1980-01-01,30–34,180.0
1981-01-01,30–34,181.0
1982-01-01,30–34,181.0
1983-01-01,30–34,177.0
1984-01-01,30–34,184.0
1985-01-01,30–34,193.0
1986-01-01,30–34,184.0
1987-01-01,30–34,178.0
1988-01-01,30–34,183.0
1989-01-01,30–34,163.0
1990-01-01,30–34,172.0
1991-01-01,30–34,170.0
1992-01-01,30–34,172.0
1993-01-01,30–34,172.0
1994-01-01,30–34,168.0
1995-01-01,30–34,165.0
1996-01-01,30–34,164.0
1997-01-01,30–34,159.0
1998-01-01,30–34,151.0
1999-01-01,30–34,153.0
2000-01-01,30–34,159.0
2001-01-01,30–34,146.0
2002-01-01,30–34,145.0
2003-01-01,30–34,139.0
2004-01-01,30–34,138.0
2005-01-01,30–34,136.0
2006-01-01,30–34,134.0
2007-01-01,30–34,135.0
2008-01-01,30–34,137.0
2009-01-01,30–34,137.0
2010-01-01,30–34,131.0
2011-01-01,30–34,135.0
2012-01-01,30–34,136.0
2013-01-01,30–34,124.0
2014-01-01,30–34,127.0
2015-01-01,30–34,124.0
2016-01-01,30–34,120.0
2017-01-01,30–34,118.0
2018-01-01,30–34,117.0
2019-01-01,30–34,111.23
2020-01-01,30–34,107.3
2021-01-01,30–34,103.46
2022-01-01,30–34,98.12
2023-01-01,30–34,108.0
1958-01-01,35–39,162.0
1959-01-01,35–39,168.0
1960-01-01,35–39,160.0
1961-01-01,35–39,160.0
1962-01-01,35–39,157.0
1963-01-01,35–39,153.0
1964-01-01,35–39,156.0
1965-01-01,35–39,155.0
1966-01-01,35–39,163.0
1967-01-01,35–39,153.0
1968-01-01,35–39,152.0
1969-01-01,35–39,141.0
1970-01-01,35–39,142.0
1971-01-01,35–39,145.0
1972-01-01,35–39,141.0
1973-01-01,35–39,136.0
1974-01-01,35–39,130.0
1975-01-01,35–39,122.0
1976-01-01,35–39,117.0
1977-01-01,35–39,115.0
1978-01-01,35–39,106.0
1979-01-01,35–39,107.0
1980-01-01,35–39,106.0
1981-01-01,35–39,110.0
1982-01-01,35–39,112.0
1983-01-01,35–39,108.0
1984-01-01,35–39,113.0
1985-01-01,35–39,115.0
1986-01-01,35–39,115.0
1987-01-01,35–39,110.0
1988-01-01,35–39,111.0
1989-01-01,35–39,102.0
1990-01-01,35–39,104.0
1991-01-01,35–39,102.0
1992-01-01,35–39,103.0
1993-01-01,35–39,101.0
1994-01-01,35–39,98.0
1995-01-01,35–39,96.0
1996-01-01,35–39,95.0
1997-01-01,35–39,92.0
1998-01-01,35–39,90.0
1999-01-01,35–39,92.0
2000-01-01,35–39,95.0
2001-01-01,35–39,90.0
2002-01-01,35–39,86.0
2003-01-01,35–39,83.0
2004-01-01,35–39,81.0
2005-01-01,35–39,79.0
2006-01-01,35–39,76.0
2007-01-01,35–39,76.0
2008-01-01,35–39,76.0
2009-01-01,35–39,76.0
2010-01-01,35–39,73.0
2011-01-01,35–39,76.0
2012-01-01,35–39,78.0
2013-01-01,35–39,73.0
2014-01-01,35–39,77.0
2015-01-01,35–39,76.0
2016-01-01,35–39,74.0
2017-01-01,35–39,74.0
2018-01-01,35–39,72.0
2019-01-01,35–39,70.49
2020-01-01,35–39,68.59
2021-01-01,35–39,63.79
2022-01-01,35–39,58.75
2023-01-01,35–39,64.0
1958-01-01,40–44,67.0
1959-01-01,40–44,69.0
1960-01-01,40–44,68.0
1961-01-01,40–44,67.0
1962-01-01,40–44,65.0
1963-01-01,40–44,72.0
1964-01-01,40–44,79.0
1965-01-01,40–44,67.0
1966-01-01,40–44,67.0
1967-01-01,40–44,59.0
1968-01-01,40–44,61.0
1969-01-01,40–44,59.0
1970-01-01,40–44,57.0
1971-01-01,40–44,57.0
1972-01-01,40–44,54.0
1973-01-01,40–44,50.0
1974-01-01,40–44,48.0
1975-01-01,40–44,49.0
1976-01-01,40–44,46.0
1977-01-01,40–44,47.0
1978-01-01,40–44,45.0
1979-01-01,40–44,45.0
1980-01-01,40–44,42.0
1981-01-01,40–44,42.0
1982-01-01,40–44,41.0
1983-01-01,40–44,39.0
1984-01-01,40–44,39.0
1985-01-01,40–44,41.0
1986-01-01,40–44,43.0
1987-01-01,40–44,43.0
1988-01-01,40–44,41.0
1989-01-01,40–44,41.0
1990-01-01,40–44,40.0
1991-01-01,40–44,38.0
1992-01-01,40–44,38.0
1993-01-01,40–44,37.0
1994-01-01,40–44,35.0
1995-01-01,40–44,34.0
1996-01-01,40–44,32.0
1997-01-01,40–44,30.0
1998-01-01,40–44,30.0
1999-01-01,40–44,31.0
2000-01-01,40–44,33.0
2001-01-01,40–44,31.0
2002-01-01,40–44,30.0
2003-01-01,40–44,27.0
2004-01-01,40–44,27.0
2005-01-01,40–44,25.0
2006-01-01,40–44,25.0
2007-01-01,40–44,23.0
2008-01-01,40–44,24.0
2009-01-01,40–44,23.0
2010-01-01,40–44,21.0
2011-01-01,40–44,22.0
2012-01-01,40–44,22.0
2013-01-01,40–44,20.0
2014-01-01,40–44,21.0
2015-01-01,40–44,21.0
2016-01-01,40–44,20.0
2017-01-01,40–44,21.0
2018-01-01,40–44,22.0
2019-01-01,40–44,21.51
2020-01-01,40–44,21.12
2021-01-01,40–44,19.19
2022-01-01,40–44,17.37
2023-01-01,40–44,18.0
1958-01-01,45–49,19.0
1959-01-01,45–49,20.0
1960-01-01,45–49,19.0
1961-01-01,45–49,9.0
1962-01-01,45–49,7.0
1963-01-01,45–49,19.0
1964-01-01,45–49,22.0
1965-01-01,45–49,20.0
1966-01-01,45–49,19.0
1967-01-01,45–49,17.0
1968-01-01,45–49,18.0
1969-01-01,45–49,20.0
1970-01-01,45–49,18.0
1971-01-01,45–49,14.0
1972-01-01,45–49,12.0
1973-01-01,45–49,12.0
1974-01-01,45–49,10.0
1975-01-01,45–49,10.0
1976-01-01,45–49,9.0
1977-01-01,45–49,8.0
1978-01-01,45–49,7.0
1979-01-01,45–49,7.0
1980-01-01,45–49,7.0
1981-01-01,45–49,7.0
1982-01-01,45–49,6.0
1983-01-01,45–49,6.0
1984-01-01,45–49,5.0
1985-01-01,45–49,6.0
1986-01-01,45–49,5.0
1987-01-01,45–49,5.0
1988-01-01,45–49,4.0
1989-01-01,45–49,5.0
1990-01-01,45–49,5.0
1991-01-01,45–49,4.0
1992-01-01,45–49,5.0
1993-01-01,45–49,4.0
1994-01-01,45–49,4.0
1995-01-01,45–49,4.0
1996-01-01,45–49,4.0
1997-01-01,45–49,3.0
1998-01-01,45–49,3.0
1999-01-01,45–49,4.0
2000-01-01,45–49,4.0
2001-01-01,45–49,4.0
2002-01-01,45–49,4.0
2003-01-01,45–49,3.0
2004-01-01,45–49,3.0
2005-01-01,45–49,3.0
2006-01-01,45–49,3.0
2007-01-01,45–49,3.0
2008-01-01,45–49,2.0
2009-01-01,45–49,2.0
2010-01-01,45–49,2.0
2011-01-01,45–49,2.0
2012-01-01,45–49,2.0
2013-01-01,45–49,2.0
2014-01-01,45–49,2.0
2015-01-01,45–49,2.0
2016-01-01,45–49,2.0
2017-01-01,45–49,2.0
2018-01-01,45–49,2.0
2019-01-01,45–49,1.67
2020-01-01,45–49,1.63
2021-01-01,45–49,1.47
2022-01-01,45–49,1.36
2023-01-01,45–49,1.0
