age,sex,date,ethnicity,population
overall,both,1970-01-01,overall,10881.8
0-4,both,1970-01-01,overall,1702.4
5-9,both,1970-01-01,overall,1690.3
10-14,both,1970-01-01,overall,1454.7
15-19,both,1970-01-01,overall,1197.6
20-24,both,1970-01-01,overall,921.6
25-29,both,1970-01-01,overall,692.5
30-34,both,1970-01-01,overall,659.1
35-39,both,1970-01-01,overall,521.7
40-44,both,1970-01-01,overall,457.8
45-49,both,1970-01-01,overall,382.1
50-54,both,1970-01-01,overall,336.7
55-59,both,1970-01-01,overall,273.7
60-64,both,1970-01-01,overall,234.7
65-69,both,1970-01-01,overall,145.8
70+,both,1970-01-01,overall,211.1
overall,female,1970-01-01,overall,5364.7
0-4,female,1970-01-01,overall,833.1
5-9,female,1970-01-01,overall,826.6
10-14,female,1970-01-01,overall,714.6
15-19,female,1970-01-01,overall,599.8
20-24,female,1970-01-01,overall,461.2
25-29,female,1970-01-01,overall,344.6
30-34,female,1970-01-01,overall,325.8
35-39,female,1970-01-01,overall,262.9
40-44,female,1970-01-01,overall,226.6
45-49,female,1970-01-01,overall,191.4
50-54,female,1970-01-01,overall,165.2
55-59,female,1970-01-01,overall,129.4
60-64,female,1970-01-01,overall,111.5
65-69,female,1970-01-01,overall,65.7
70+,female,1970-01-01,overall,106.3
overall,male,1970-01-01,overall,5517.0
0-4,male,1970-01-01,overall,869.3
5-9,male,1970-01-01,overall,863.7
10-14,male,1970-01-01,overall,740.1
15-19,male,1970-01-01,overall,597.8
20-24,male,1970-01-01,overall,460.4
25-29,male,1970-01-01,overall,347.9
30-34,male,1970-01-01,overall,333.3
35-39,male,1970-01-01,overall,258.8
40-44,male,1970-01-01,overall,231.2
45-49,male,1970-01-01,overall,190.8
50-54,male,1970-01-01,overall,171.5
55-59,male,1970-01-01,overall,144.3
60-64,male,1970-01-01,overall,123.2
65-69,male,1970-01-01,overall,80.0
70+,male,1970-01-01,overall,104.8
overall,both,1971-01-01,overall,11159.7
0-4,both,1971-01-01,overall,1725.9
5-9,both,1971-01-01,overall,1689.8
10-14,both,1971-01-01,overall,1491.3
15-19,both,1971-01-01,overall,1238.7
20-24,both,1971-01-01,overall,970.7
25-29,both,1971-01-01,overall,734.2
30-34,both,1971-01-01,overall,666.2
35-39,both,1971-01-01,overall,545.4
40-44,both,1971-01-01,overall,468.5
45-49,both,1971-01-01,overall,393.8
50-54,both,1971-01-01,overall,342.1
55-59,both,1971-01-01,overall,280.6
60-64,both,1971-01-01,overall,236.1
65-69,both,1971-01-01,overall,155.1
70+,both,1971-01-01,overall,221.2
overall,female,1971-01-01,overall,5506.3
0-4,female,1971-01-01,overall,844.2
5-9,female,1971-01-01,overall,828.3
10-14,female,1971-01-01,overall,734.4
15-19,female,1971-01-01,overall,619.1
20-24,female,1971-01-01,overall,485.4
25-29,female,1971-01-01,overall,365.0
30-34,female,1971-01-01,overall,329.2
35-39,female,1971-01-01,overall,273.6
40-44,female,1971-01-01,overall,232.8
45-49,female,1971-01-01,overall,196.8
50-54,female,1971-01-01,overall,168.9
55-59,female,1971-01-01,overall,134.2
60-64,female,1971-01-01,overall,112.4
65-69,female,1971-01-01,overall,71.1
70+,female,1971-01-01,overall,111.2
overall,male,1971-01-01,overall,5653.4
0-4,male,1971-01-01,overall,881.6
5-9,male,1971-01-01,overall,861.5
10-14,male,1971-01-01,overall,757.0
15-19,male,1971-01-01,overall,619.6
20-24,male,1971-01-01,overall,485.3
25-29,male,1971-01-01,overall,369.2
30-34,male,1971-01-01,overall,337.0
35-39,male,1971-01-01,overall,271.8
40-44,male,1971-01-01,overall,235.8
45-49,male,1971-01-01,overall,197.0
50-54,male,1971-01-01,overall,173.3
55-59,male,1971-01-01,overall,146.4
60-64,male,1971-01-01,overall,123.7
65-69,male,1971-01-01,overall,84.1
70+,male,1971-01-01,overall,110.0
overall,both,1972-01-01,overall,11441.3
0-4,both,1972-01-01,overall,1758.0
5-9,both,1972-01-01,overall,1688.4
10-14,both,1972-01-01,overall,1528.7
15-19,both,1972-01-01,overall,1279.5
20-24,both,1972-01-01,overall,1019.3
25-29,both,1972-01-01,overall,777.5
30-34,both,1972-01-01,overall,673.0
35-39,both,1972-01-01,overall,570.3
40-44,both,1972-01-01,overall,478.8
45-49,both,1972-01-01,overall,405.9
50-54,both,1972-01-01,overall,347.2
55-59,both,1972-01-01,overall,287.9
60-64,both,1972-01-01,overall,237.4
65-69,both,1972-01-01,overall,164.8
70+,both,1972-01-01,overall,224.5
overall,female,1972-01-01,overall,5649.8
0-4,female,1972-01-01,overall,859.8
5-9,female,1972-01-01,overall,828.7
10-14,female,1972-01-01,overall,754.5
15-19,female,1972-01-01,overall,638.6
20-24,female,1972-01-01,overall,509.8
25-29,female,1972-01-01,overall,386.1
30-34,female,1972-01-01,overall,332.4
35-39,female,1972-01-01,overall,284.7
40-44,female,1972-01-01,overall,238.7
45-49,female,1972-01-01,overall,202.5
50-54,female,1972-01-01,overall,172.3
55-59,female,1972-01-01,overall,139.1
60-64,female,1972-01-01,overall,113.3
65-69,female,1972-01-01,overall,76.7
70+,female,1972-01-01,overall,112.6
overall,male,1972-01-01,overall,5791.5
0-4,male,1972-01-01,overall,898.2
5-9,male,1972-01-01,overall,859.7
10-14,male,1972-01-01,overall,774.2
15-19,male,1972-01-01,overall,640.9
20-24,male,1972-01-01,overall,509.5
25-29,male,1972-01-01,overall,391.4
30-34,male,1972-01-01,overall,340.6
35-39,male,1972-01-01,overall,285.6
40-44,male,1972-01-01,overall,240.1
45-49,male,1972-01-01,overall,203.4
50-54,male,1972-01-01,overall,174.9
55-59,male,1972-01-01,overall,148.8
60-64,male,1972-01-01,overall,124.1
65-69,male,1972-01-01,overall,88.1
70+,male,1972-01-01,overall,111.9
overall,both,1973-01-01,overall,11719.8
0-4,both,1973-01-01,overall,1786.9
5-9,both,1973-01-01,overall,1686.2
10-14,both,1973-01-01,overall,1564.4
15-19,both,1973-01-01,overall,1319.9
20-24,both,1973-01-01,overall,1066.1
25-29,both,1973-01-01,overall,822.2
30-34,both,1973-01-01,overall,679.3
35-39,both,1973-01-01,overall,596.2
40-44,both,1973-01-01,overall,488.3
45-49,both,1973-01-01,overall,418.4
50-54,both,1973-01-01,overall,351.7
55-59,both,1973-01-01,overall,295.5
60-64,both,1973-01-01,overall,238.3
65-69,both,1973-01-01,overall,174.7
70+,both,1973-01-01,overall,231.6
overall,female,1973-01-01,overall,5791.9
0-4,female,1973-01-01,overall,873.8
5-9,female,1973-01-01,overall,827.9
10-14,female,1973-01-01,overall,773.7
15-19,female,1973-01-01,overall,658.7
20-24,female,1973-01-01,overall,533.9
25-29,female,1973-01-01,overall,408.0
30-34,female,1973-01-01,overall,335.2
35-39,female,1973-01-01,overall,296.1
40-44,female,1973-01-01,overall,244.1
45-49,female,1973-01-01,overall,208.3
50-54,female,1973-01-01,overall,175.4
55-59,female,1973-01-01,overall,144.3
60-64,female,1973-01-01,overall,114.1
65-69,female,1973-01-01,overall,82.5
70+,female,1973-01-01,overall,116.0
overall,male,1973-01-01,overall,5927.9
0-4,male,1973-01-01,overall,913.1
5-9,male,1973-01-01,overall,858.3
10-14,male,1973-01-01,overall,790.8
15-19,male,1973-01-01,overall,661.2
20-24,male,1973-01-01,overall,532.3
25-29,male,1973-01-01,overall,414.3
30-34,male,1973-01-01,overall,344.1
35-39,male,1973-01-01,overall,300.1
40-44,male,1973-01-01,overall,244.2
45-49,male,1973-01-01,overall,210.1
50-54,male,1973-01-01,overall,176.3
55-59,male,1973-01-01,overall,151.2
60-64,male,1973-01-01,overall,124.2
65-69,male,1973-01-01,overall,92.2
70+,male,1973-01-01,overall,115.6
overall,both,1974-01-01,overall,12001.3
0-4,both,1974-01-01,overall,1816.2
5-9,both,1974-01-01,overall,1686.4
10-14,both,1974-01-01,overall,1597.8
15-19,both,1974-01-01,overall,1361.1
20-24,both,1974-01-01,overall,1110.9
25-29,both,1974-01-01,overall,868.8
30-34,both,1974-01-01,overall,685.7
35-39,both,1974-01-01,overall,623.4
40-44,both,1974-01-01,overall,497.1
45-49,both,1974-01-01,overall,431.5
50-54,both,1974-01-01,overall,355.7
55-59,both,1974-01-01,overall,303.6
60-64,both,1974-01-01,overall,239.1
65-69,both,1974-01-01,overall,185.1
70+,both,1974-01-01,overall,238.9
overall,female,1974-01-01,overall,5935.0
0-4,female,1974-01-01,overall,888.1
5-9,female,1974-01-01,overall,827.3
10-14,female,1974-01-01,overall,791.2
15-19,female,1974-01-01,overall,680.1
20-24,female,1974-01-01,overall,557.4
25-29,female,1974-01-01,overall,430.7
30-34,female,1974-01-01,overall,337.9
35-39,female,1974-01-01,overall,307.9
40-44,female,1974-01-01,overall,249.1
45-49,female,1974-01-01,overall,214.4
50-54,female,1974-01-01,overall,178.1
55-59,female,1974-01-01,overall,149.7
60-64,female,1974-01-01,overall,114.9
65-69,female,1974-01-01,overall,88.8
70+,female,1974-01-01,overall,119.5
overall,male,1974-01-01,overall,6066.3
0-4,male,1974-01-01,overall,928.1
5-9,male,1974-01-01,overall,859.1
10-14,male,1974-01-01,overall,806.6
15-19,male,1974-01-01,overall,681.0
20-24,male,1974-01-01,overall,553.5
25-29,male,1974-01-01,overall,438.1
30-34,male,1974-01-01,overall,347.8
35-39,male,1974-01-01,overall,315.5
40-44,male,1974-01-01,overall,248.0
45-49,male,1974-01-01,overall,217.1
50-54,male,1974-01-01,overall,177.6
55-59,male,1974-01-01,overall,153.9
60-64,male,1974-01-01,overall,124.3
65-69,male,1974-01-01,overall,96.3
70+,male,1974-01-01,overall,119.4
overall,both,1975-01-01,overall,12300.3
0-4,both,1975-01-01,overall,1846.3
5-9,both,1975-01-01,overall,1693.9
10-14,both,1975-01-01,overall,1630.3
15-19,both,1975-01-01,overall,1403.7
20-24,both,1975-01-01,overall,1154.9
25-29,both,1975-01-01,overall,918.5
30-34,both,1975-01-01,overall,692.9
35-39,both,1975-01-01,overall,652.9
40-44,both,1975-01-01,overall,505.8
45-49,both,1975-01-01,overall,445.9
50-54,both,1975-01-01,overall,359.8
55-59,both,1975-01-01,overall,312.3
60-64,both,1975-01-01,overall,240.1
65-69,both,1975-01-01,overall,196.4
70+,both,1975-01-01,overall,246.5
overall,female,1975-01-01,overall,6087.2
0-4,female,1975-01-01,overall,902.9
5-9,female,1975-01-01,overall,829.5
10-14,female,1975-01-01,overall,807.7
15-19,female,1975-01-01,overall,703.3
20-24,female,1975-01-01,overall,581.1
25-29,female,1975-01-01,overall,455.0
30-34,female,1975-01-01,overall,340.9
35-39,female,1975-01-01,overall,320.6
40-44,female,1975-01-01,overall,254.0
45-49,female,1975-01-01,overall,221.1
50-54,female,1975-01-01,overall,180.8
55-59,female,1975-01-01,overall,155.5
60-64,female,1975-01-01,overall,115.8
65-69,female,1975-01-01,overall,95.6
70+,female,1975-01-01,overall,123.2
overall,male,1975-01-01,overall,6213.1
0-4,male,1975-01-01,overall,943.4
5-9,male,1975-01-01,overall,864.4
10-14,male,1975-01-01,overall,822.6
15-19,male,1975-01-01,overall,700.4
20-24,male,1975-01-01,overall,573.7
25-29,male,1975-01-01,overall,463.5
30-34,male,1975-01-01,overall,352.0
35-39,male,1975-01-01,overall,332.2
40-44,male,1975-01-01,overall,251.8
45-49,male,1975-01-01,overall,224.8
50-54,male,1975-01-01,overall,178.9
55-59,male,1975-01-01,overall,156.8
60-64,male,1975-01-01,overall,124.3
65-69,male,1975-01-01,overall,100.8
70+,male,1975-01-01,overall,123.3
overall,both,1976-01-01,overall,12588.1
0-4,both,1976-01-01,overall,1871.2
5-9,both,1976-01-01,overall,1723.1
10-14,both,1976-01-01,overall,1634.7
15-19,both,1976-01-01,overall,1438.5
20-24,both,1976-01-01,overall,1193.0
25-29,both,1976-01-01,overall,959.8
30-34,both,1976-01-01,overall,733.2
35-39,both,1976-01-01,overall,660.0
40-44,both,1976-01-01,overall,529.9
45-49,both,1976-01-01,overall,454.5
50-54,both,1976-01-01,overall,371.6
55-59,both,1976-01-01,overall,316.2
60-64,both,1976-01-01,overall,246.4
65-69,both,1976-01-01,overall,196.5
70+,both,1976-01-01,overall,259.2
overall,female,1976-01-01,overall,6233.7
0-4,female,1976-01-01,overall,914.4
5-9,female,1976-01-01,overall,843.4
10-14,female,1976-01-01,overall,809.9
15-19,female,1976-01-01,overall,722.1
20-24,female,1976-01-01,overall,601.0
25-29,female,1976-01-01,overall,476.5
30-34,female,1976-01-01,overall,360.4
35-39,female,1976-01-01,overall,323.8
40-44,female,1976-01-01,overall,264.8
45-49,female,1976-01-01,overall,226.1
50-54,female,1976-01-01,overall,186.6
55-59,female,1976-01-01,overall,158.3
60-64,female,1976-01-01,overall,120.3
65-69,female,1976-01-01,overall,96.0
70+,female,1976-01-01,overall,130.2
overall,male,1976-01-01,overall,6354.5
0-4,male,1976-01-01,overall,956.8
5-9,male,1976-01-01,overall,879.8
10-14,male,1976-01-01,overall,824.8
15-19,male,1976-01-01,overall,716.5
20-24,male,1976-01-01,overall,592.1
25-29,male,1976-01-01,overall,483.3
30-34,male,1976-01-01,overall,372.7
35-39,male,1976-01-01,overall,336.2
40-44,male,1976-01-01,overall,265.1
45-49,male,1976-01-01,overall,228.4
50-54,male,1976-01-01,overall,185.1
55-59,male,1976-01-01,overall,158.0
60-64,male,1976-01-01,overall,126.1
65-69,male,1976-01-01,overall,100.6
70+,male,1976-01-01,overall,129.0
overall,both,1977-01-01,overall,12901.1
0-4,both,1977-01-01,overall,1901.2
5-9,both,1977-01-01,overall,1756.6
10-14,both,1977-01-01,overall,1644.5
15-19,both,1977-01-01,overall,1476.3
20-24,both,1977-01-01,overall,1233.4
25-29,both,1977-01-01,overall,1001.7
30-34,both,1977-01-01,overall,776.4
35-39,both,1977-01-01,overall,668.5
40-44,both,1977-01-01,overall,556.6
45-49,both,1977-01-01,overall,463.6
50-54,both,1977-01-01,overall,385.0
55-59,both,1977-01-01,overall,320.6
60-64,both,1977-01-01,overall,253.8
65-69,both,1977-01-01,overall,197.1
70+,both,1977-01-01,overall,265.9
overall,female,1977-01-01,overall,6392.7
0-4,female,1977-01-01,overall,928.7
5-9,female,1977-01-01,overall,859.6
10-14,female,1977-01-01,overall,813.6
15-19,female,1977-01-01,overall,742.1
20-24,female,1977-01-01,overall,622.6
25-29,female,1977-01-01,overall,498.8
30-34,female,1977-01-01,overall,381.5
35-39,female,1977-01-01,overall,327.5
40-44,female,1977-01-01,overall,276.8
45-49,female,1977-01-01,overall,231.3
50-54,female,1977-01-01,overall,193.0
55-59,female,1977-01-01,overall,161.2
60-64,female,1977-01-01,overall,125.3
65-69,female,1977-01-01,overall,96.6
70+,female,1977-01-01,overall,134.1
overall,male,1977-01-01,overall,6508.4
0-4,male,1977-01-01,overall,972.4
5-9,male,1977-01-01,overall,897.0
10-14,male,1977-01-01,overall,830.9
15-19,male,1977-01-01,overall,734.2
20-24,male,1977-01-01,overall,610.8
25-29,male,1977-01-01,overall,502.8
30-34,male,1977-01-01,overall,394.9
35-39,male,1977-01-01,overall,341.0
40-44,male,1977-01-01,overall,279.9
45-49,male,1977-01-01,overall,232.2
50-54,male,1977-01-01,overall,192.0
55-59,male,1977-01-01,overall,159.4
60-64,male,1977-01-01,overall,128.5
65-69,male,1977-01-01,overall,100.5
70+,male,1977-01-01,overall,131.8
overall,both,1978-01-01,overall,13200.2
0-4,both,1978-01-01,overall,1919.9
5-9,both,1978-01-01,overall,1788.8
10-14,both,1978-01-01,overall,1656.4
15-19,both,1978-01-01,overall,1510.8
20-24,both,1978-01-01,overall,1272.2
25-29,both,1978-01-01,overall,1040.7
30-34,both,1978-01-01,overall,820.9
35-39,both,1978-01-01,overall,676.3
40-44,both,1978-01-01,overall,584.2
45-49,both,1978-01-01,overall,471.7
50-54,both,1978-01-01,overall,398.7
55-59,both,1978-01-01,overall,324.3
60-64,both,1978-01-01,overall,261.4
65-69,both,1978-01-01,overall,197.4
70+,both,1978-01-01,overall,276.5
overall,female,1978-01-01,overall,6544.4
0-4,female,1978-01-01,overall,937.3
5-9,female,1978-01-01,overall,875.3
10-14,female,1978-01-01,overall,817.3
15-19,female,1978-01-01,overall,759.9
20-24,female,1978-01-01,overall,644.3
25-29,female,1978-01-01,overall,520.5
30-34,female,1978-01-01,overall,403.1
35-39,female,1978-01-01,overall,330.8
40-44,female,1978-01-01,overall,288.8
45-49,female,1978-01-01,overall,236.0
50-54,female,1978-01-01,overall,199.6
55-59,female,1978-01-01,overall,163.7
60-64,female,1978-01-01,overall,130.5
65-69,female,1978-01-01,overall,97.2
70+,female,1978-01-01,overall,140.2
overall,male,1978-01-01,overall,6655.8
0-4,male,1978-01-01,overall,982.5
5-9,male,1978-01-01,overall,913.5
10-14,male,1978-01-01,overall,839.1
15-19,male,1978-01-01,overall,750.9
20-24,male,1978-01-01,overall,627.9
25-29,male,1978-01-01,overall,520.2
30-34,male,1978-01-01,overall,417.8
35-39,male,1978-01-01,overall,345.6
40-44,male,1978-01-01,overall,295.4
45-49,male,1978-01-01,overall,235.7
50-54,male,1978-01-01,overall,199.1
55-59,male,1978-01-01,overall,160.6
60-64,male,1978-01-01,overall,130.9
65-69,male,1978-01-01,overall,100.2
70+,male,1978-01-01,overall,136.4
overall,both,1979-01-01,overall,13518.3
0-4,both,1979-01-01,overall,1935.7
5-9,both,1979-01-01,overall,1823.4
10-14,both,1979-01-01,overall,1676.6
15-19,both,1979-01-01,overall,1544.3
20-24,both,1979-01-01,overall,1313.1
25-29,both,1979-01-01,overall,1078.9
30-34,both,1979-01-01,overall,868.4
35-39,both,1979-01-01,overall,685.3
40-44,both,1979-01-01,overall,614.3
45-49,both,1979-01-01,overall,480.1
50-54,both,1979-01-01,overall,413.8
55-59,both,1979-01-01,overall,328.1
60-64,both,1979-01-01,overall,270.0
65-69,both,1979-01-01,overall,197.8
70+,both,1979-01-01,overall,288.3
overall,female,1979-01-01,overall,6705.7
0-4,female,1979-01-01,overall,944.2
5-9,female,1979-01-01,overall,892.3
10-14,female,1979-01-01,overall,824.4
15-19,female,1979-01-01,overall,776.7
20-24,female,1979-01-01,overall,668.3
25-29,female,1979-01-01,overall,542.5
30-34,female,1979-01-01,overall,426.2
35-39,female,1979-01-01,overall,334.5
40-44,female,1979-01-01,overall,301.9
45-49,female,1979-01-01,overall,240.7
50-54,female,1979-01-01,overall,206.8
55-59,female,1979-01-01,overall,166.2
60-64,female,1979-01-01,overall,136.2
65-69,female,1979-01-01,overall,98.0
70+,female,1979-01-01,overall,146.9
overall,male,1979-01-01,overall,6812.5
0-4,male,1979-01-01,overall,991.5
5-9,male,1979-01-01,overall,931.1
10-14,male,1979-01-01,overall,852.2
15-19,male,1979-01-01,overall,767.6
20-24,male,1979-01-01,overall,644.8
25-29,male,1979-01-01,overall,536.4
30-34,male,1979-01-01,overall,442.2
35-39,male,1979-01-01,overall,350.9
40-44,male,1979-01-01,overall,312.4
45-49,male,1979-01-01,overall,239.4
50-54,male,1979-01-01,overall,207.0
55-59,male,1979-01-01,overall,161.9
60-64,male,1979-01-01,overall,133.9
65-69,male,1979-01-01,overall,99.8
70+,male,1979-01-01,overall,141.4
overall,both,1980-01-01,overall,13879.3
overall,both,1980-01-01,bumi,7926.7
overall,both,1980-01-01,chinese,4460.1
overall,both,1980-01-01,indian,1189.8
overall,both,1980-01-01,other,302.7
0-4,both,1980-01-01,overall,1979.2
0-4,both,1980-01-01,bumi,1210.2
0-4,both,1980-01-01,chinese,567.4
0-4,both,1980-01-01,indian,160.5
0-4,both,1980-01-01,other,41.1
5-9,both,1980-01-01,overall,1844.2
5-9,both,1980-01-01,bumi,1101.3
5-9,both,1980-01-01,chinese,560.5
5-9,both,1980-01-01,indian,142.5
5-9,both,1980-01-01,other,39.9
10-14,both,1980-01-01,overall,1719.1
10-14,both,1980-01-01,bumi,983.4
10-14,both,1980-01-01,chinese,544.7
10-14,both,1980-01-01,indian,146.1
10-14,both,1980-01-01,other,44.9
15-19,both,1980-01-01,overall,1576.5
15-19,both,1980-01-01,bumi,903.7
15-19,both,1980-01-01,chinese,491.3
15-19,both,1980-01-01,indian,144.1
15-19,both,1980-01-01,other,37.4
20-24,both,1980-01-01,overall,1355.2
20-24,both,1980-01-01,bumi,768.2
20-24,both,1980-01-01,chinese,417.0
20-24,both,1980-01-01,indian,131.8
20-24,both,1980-01-01,other,38.2
25-29,both,1980-01-01,overall,1118.2
25-29,both,1980-01-01,bumi,616.5
25-29,both,1980-01-01,chinese,368.9
25-29,both,1980-01-01,indian,105.0
25-29,both,1980-01-01,other,27.7
30-34,both,1980-01-01,overall,901.2
30-34,both,1980-01-01,bumi,486.9
30-34,both,1980-01-01,chinese,315.6
30-34,both,1980-01-01,indian,78.0
30-34,both,1980-01-01,other,20.6
35-39,both,1980-01-01,overall,729.9
35-39,both,1980-01-01,bumi,395.3
35-39,both,1980-01-01,chinese,262.0
35-39,both,1980-01-01,indian,58.1
35-39,both,1980-01-01,other,14.5
40-44,both,1980-01-01,overall,613.2
40-44,both,1980-01-01,bumi,337.5
40-44,both,1980-01-01,chinese,214.7
40-44,both,1980-01-01,indian,49.4
40-44,both,1980-01-01,other,11.6
45-49,both,1980-01-01,overall,516.1
45-49,both,1980-01-01,bumi,293.1
45-49,both,1980-01-01,chinese,170.6
45-49,both,1980-01-01,indian,44.3
45-49,both,1980-01-01,other,8.0
50-54,both,1980-01-01,overall,424.5
50-54,both,1980-01-01,bumi,248.8
50-54,both,1980-01-01,chinese,131.3
50-54,both,1980-01-01,indian,38.2
50-54,both,1980-01-01,other,6.3
55-59,both,1980-01-01,overall,342.5
55-59,both,1980-01-01,bumi,202.1
55-59,both,1980-01-01,chinese,104.4
55-59,both,1980-01-01,indian,31.6
55-59,both,1980-01-01,other,4.4
60-64,both,1980-01-01,overall,268.4
60-64,both,1980-01-01,bumi,149.4
60-64,both,1980-01-01,chinese,90.9
60-64,both,1980-01-01,indian,24.7
60-64,both,1980-01-01,other,3.5
65-69,both,1980-01-01,overall,200.1
65-69,both,1980-01-01,bumi,100.8
65-69,both,1980-01-01,chinese,80.0
65-69,both,1980-01-01,indian,17.4
65-69,both,1980-01-01,other,1.9
70-74,both,1980-01-01,overall,138.3
70-74,both,1980-01-01,bumi,62.0
70-74,both,1980-01-01,chinese,64.4
70-74,both,1980-01-01,indian,10.6
70-74,both,1980-01-01,other,1.3
75-79,both,1980-01-01,overall,83.0
75-79,both,1980-01-01,bumi,31.0
75-79,both,1980-01-01,chinese,47.2
75-79,both,1980-01-01,indian,4.1
75-79,both,1980-01-01,other,0.7
80+,both,1980-01-01,overall,69.8
80+,both,1980-01-01,bumi,36.6
80+,both,1980-01-01,chinese,29.2
80+,both,1980-01-01,indian,3.3
80+,both,1980-01-01,other,0.7
overall,female,1980-01-01,overall,6887.2
overall,female,1980-01-01,bumi,3971.0
overall,female,1980-01-01,chinese,2210.7
overall,female,1980-01-01,indian,575.0
overall,female,1980-01-01,other,130.5
0-4,female,1980-01-01,overall,963.9
0-4,female,1980-01-01,bumi,590.2
0-4,female,1980-01-01,chinese,275.0
0-4,female,1980-01-01,indian,78.9
0-4,female,1980-01-01,other,19.9
5-9,female,1980-01-01,overall,901.5
5-9,female,1980-01-01,bumi,541.7
5-9,female,1980-01-01,chinese,271.6
5-9,female,1980-01-01,indian,70.0
5-9,female,1980-01-01,other,18.2
10-14,female,1980-01-01,overall,842.8
10-14,female,1980-01-01,bumi,487.2
10-14,female,1980-01-01,chinese,264.3
10-14,female,1980-01-01,indian,71.4
10-14,female,1980-01-01,other,19.9
15-19,female,1980-01-01,overall,792.0
15-19,female,1980-01-01,bumi,459.4
15-19,female,1980-01-01,chinese,244.7
15-19,female,1980-01-01,indian,71.3
15-19,female,1980-01-01,other,16.6
20-24,female,1980-01-01,overall,693.9
20-24,female,1980-01-01,bumi,398.9
20-24,female,1980-01-01,chinese,212.2
20-24,female,1980-01-01,indian,67.1
20-24,female,1980-01-01,other,15.7
25-29,female,1980-01-01,overall,565.0
25-29,female,1980-01-01,bumi,315.3
25-29,female,1980-01-01,chinese,186.1
25-29,female,1980-01-01,indian,52.6
25-29,female,1980-01-01,other,11.0
30-34,female,1980-01-01,overall,445.2
30-34,female,1980-01-01,bumi,243.9
30-34,female,1980-01-01,chinese,154.9
30-34,female,1980-01-01,indian,38.3
30-34,female,1980-01-01,other,8.1
35-39,female,1980-01-01,overall,355.3
35-39,female,1980-01-01,bumi,196.5
35-39,female,1980-01-01,chinese,125.1
35-39,female,1980-01-01,indian,28.2
35-39,female,1980-01-01,other,5.4
40-44,female,1980-01-01,overall,300.1
40-44,female,1980-01-01,bumi,169.2
40-44,female,1980-01-01,chinese,102.4
40-44,female,1980-01-01,indian,23.9
40-44,female,1980-01-01,other,4.6
45-49,female,1980-01-01,overall,257.1
45-49,female,1980-01-01,bumi,149.2
45-49,female,1980-01-01,chinese,83.9
45-49,female,1980-01-01,indian,20.9
45-49,female,1980-01-01,other,3.1
50-54,female,1980-01-01,overall,214.0
50-54,female,1980-01-01,bumi,126.8
50-54,female,1980-01-01,chinese,67.7
50-54,female,1980-01-01,indian,16.8
50-54,female,1980-01-01,other,2.7
55-59,female,1980-01-01,overall,173.1
55-59,female,1980-01-01,bumi,102.1
55-59,female,1980-01-01,chinese,56.2
55-59,female,1980-01-01,indian,13.0
55-59,female,1980-01-01,other,1.8
60-64,female,1980-01-01,overall,135.2
60-64,female,1980-01-01,bumi,74.6
60-64,female,1980-01-01,chinese,49.4
60-64,female,1980-01-01,indian,9.7
60-64,female,1980-01-01,other,1.6
65-69,female,1980-01-01,overall,100.1
65-69,female,1980-01-01,bumi,49.9
65-69,female,1980-01-01,chinese,42.8
65-69,female,1980-01-01,indian,6.5
65-69,female,1980-01-01,other,0.8
70-74,female,1980-01-01,overall,68.6
70-74,female,1980-01-01,bumi,30.6
70-74,female,1980-01-01,chinese,33.6
70-74,female,1980-01-01,indian,3.7
70-74,female,1980-01-01,other,0.6
75-79,female,1980-01-01,overall,40.5
75-79,female,1980-01-01,bumi,15.7
75-79,female,1980-01-01,chinese,23.2
75-79,female,1980-01-01,indian,1.3
75-79,female,1980-01-01,other,0.3
80+,female,1980-01-01,overall,38.9
80+,female,1980-01-01,bumi,19.9
80+,female,1980-01-01,chinese,17.5
80+,female,1980-01-01,indian,1.2
80+,female,1980-01-01,other,0.3
overall,male,1980-01-01,overall,6992.0
overall,male,1980-01-01,bumi,3955.7
overall,male,1980-01-01,chinese,2249.4
overall,male,1980-01-01,indian,614.7
overall,male,1980-01-01,other,172.2
0-4,male,1980-01-01,overall,1015.2
0-4,male,1980-01-01,bumi,620.0
0-4,male,1980-01-01,chinese,292.4
0-4,male,1980-01-01,indian,81.6
0-4,male,1980-01-01,other,21.2
5-9,male,1980-01-01,overall,942.6
5-9,male,1980-01-01,bumi,559.6
5-9,male,1980-01-01,chinese,288.8
5-9,male,1980-01-01,indian,72.4
5-9,male,1980-01-01,other,21.8
10-14,male,1980-01-01,overall,876.3
10-14,male,1980-01-01,bumi,496.2
10-14,male,1980-01-01,chinese,280.5
10-14,male,1980-01-01,indian,74.6
10-14,male,1980-01-01,other,25.0
15-19,male,1980-01-01,overall,784.5
15-19,male,1980-01-01,bumi,444.3
15-19,male,1980-01-01,chinese,246.6
15-19,male,1980-01-01,indian,72.8
15-19,male,1980-01-01,other,20.8
20-24,male,1980-01-01,overall,661.2
20-24,male,1980-01-01,bumi,369.2
20-24,male,1980-01-01,chinese,204.8
20-24,male,1980-01-01,indian,64.7
20-24,male,1980-01-01,other,22.5
25-29,male,1980-01-01,overall,553.2
25-29,male,1980-01-01,bumi,301.2
25-29,male,1980-01-01,chinese,182.8
25-29,male,1980-01-01,indian,52.4
25-29,male,1980-01-01,other,16.7
30-34,male,1980-01-01,overall,456.0
30-34,male,1980-01-01,bumi,243.0
30-34,male,1980-01-01,chinese,160.8
30-34,male,1980-01-01,indian,39.7
30-34,male,1980-01-01,other,12.5
35-39,male,1980-01-01,overall,374.6
35-39,male,1980-01-01,bumi,198.8
35-39,male,1980-01-01,chinese,136.9
35-39,male,1980-01-01,indian,29.9
35-39,male,1980-01-01,other,9.1
40-44,male,1980-01-01,overall,313.1
40-44,male,1980-01-01,bumi,168.3
40-44,male,1980-01-01,chinese,112.3
40-44,male,1980-01-01,indian,25.5
40-44,male,1980-01-01,other,7.0
45-49,male,1980-01-01,overall,259.0
45-49,male,1980-01-01,bumi,144.0
45-49,male,1980-01-01,chinese,86.7
45-49,male,1980-01-01,indian,23.4
45-49,male,1980-01-01,other,4.9
50-54,male,1980-01-01,overall,210.5
50-54,male,1980-01-01,bumi,122.0
50-54,male,1980-01-01,chinese,63.5
50-54,male,1980-01-01,indian,21.3
50-54,male,1980-01-01,other,3.6
55-59,male,1980-01-01,overall,169.5
55-59,male,1980-01-01,bumi,100.0
55-59,male,1980-01-01,chinese,48.2
55-59,male,1980-01-01,indian,18.6
55-59,male,1980-01-01,other,2.6
60-64,male,1980-01-01,overall,133.2
60-64,male,1980-01-01,bumi,74.8
60-64,male,1980-01-01,chinese,41.5
60-64,male,1980-01-01,indian,15.0
60-64,male,1980-01-01,other,1.9
65-69,male,1980-01-01,overall,100.0
65-69,male,1980-01-01,bumi,50.8
65-69,male,1980-01-01,chinese,37.2
65-69,male,1980-01-01,indian,10.9
65-69,male,1980-01-01,other,1.1
70-74,male,1980-01-01,overall,69.7
70-74,male,1980-01-01,bumi,31.4
70-74,male,1980-01-01,chinese,30.8
70-74,male,1980-01-01,indian,6.9
70-74,male,1980-01-01,other,0.7
75-79,male,1980-01-01,overall,42.5
75-79,male,1980-01-01,bumi,15.3
75-79,male,1980-01-01,chinese,24.1
75-79,male,1980-01-01,indian,2.8
75-79,male,1980-01-01,other,0.3
80+,male,1980-01-01,overall,30.8
80+,male,1980-01-01,bumi,16.7
80+,male,1980-01-01,chinese,11.7
80+,male,1980-01-01,indian,2.1
80+,male,1980-01-01,other,0.3
overall,both,1981-01-01,overall,14256.9
overall,both,1981-01-01,bumi,8200.6
overall,both,1981-01-01,chinese,4521.1
overall,both,1981-01-01,indian,1212.7
overall,both,1981-01-01,other,322.5
0-4,both,1981-01-01,overall,2032.4
0-4,both,1981-01-01,bumi,1259.6
0-4,both,1981-01-01,chinese,564.7
0-4,both,1981-01-01,indian,163.9
0-4,both,1981-01-01,other,44.1
5-9,both,1981-01-01,overall,1854.3
5-9,both,1981-01-01,bumi,1116.2
5-9,both,1981-01-01,chinese,553.6
5-9,both,1981-01-01,indian,144.2
5-9,both,1981-01-01,other,40.4
10-14,both,1981-01-01,overall,1735.2
10-14,both,1981-01-01,bumi,1007.1
10-14,both,1981-01-01,chinese,537.1
10-14,both,1981-01-01,indian,142.5
10-14,both,1981-01-01,other,48.5
15-19,both,1981-01-01,overall,1619.8
15-19,both,1981-01-01,bumi,930.6
15-19,both,1981-01-01,chinese,502.7
15-19,both,1981-01-01,indian,145.1
15-19,both,1981-01-01,other,41.4
20-24,both,1981-01-01,overall,1403.3
20-24,both,1981-01-01,bumi,802.4
20-24,both,1981-01-01,chinese,425.2
20-24,both,1981-01-01,indian,134.8
20-24,both,1981-01-01,other,40.9
25-29,both,1981-01-01,overall,1176.9
25-29,both,1981-01-01,bumi,655.0
25-29,both,1981-01-01,chinese,380.8
25-29,both,1981-01-01,indian,110.9
25-29,both,1981-01-01,other,30.3
30-34,both,1981-01-01,overall,940.6
30-34,both,1981-01-01,bumi,510.5
30-34,both,1981-01-01,chinese,326.0
30-34,both,1981-01-01,indian,82.8
30-34,both,1981-01-01,other,21.4
35-39,both,1981-01-01,overall,755.4
35-39,both,1981-01-01,bumi,409.8
35-39,both,1981-01-01,chinese,270.3
35-39,both,1981-01-01,indian,60.2
35-39,both,1981-01-01,other,15.0
40-44,both,1981-01-01,overall,632.9
40-44,both,1981-01-01,bumi,347.3
40-44,both,1981-01-01,chinese,223.0
40-44,both,1981-01-01,indian,50.3
40-44,both,1981-01-01,other,12.3
45-49,both,1981-01-01,overall,532.8
45-49,both,1981-01-01,bumi,301.1
45-49,both,1981-01-01,chinese,178.4
45-49,both,1981-01-01,indian,45.1
45-49,both,1981-01-01,other,8.1
50-54,both,1981-01-01,overall,437.1
50-54,both,1981-01-01,bumi,254.6
50-54,both,1981-01-01,chinese,137.0
50-54,both,1981-01-01,indian,38.8
50-54,both,1981-01-01,other,6.7
55-59,both,1981-01-01,overall,351.8
55-59,both,1981-01-01,bumi,208.4
55-59,both,1981-01-01,chinese,106.9
55-59,both,1981-01-01,indian,32.0
55-59,both,1981-01-01,other,4.5
60-64,both,1981-01-01,overall,275.5
60-64,both,1981-01-01,bumi,155.8
60-64,both,1981-01-01,chinese,90.7
60-64,both,1981-01-01,indian,25.2
60-64,both,1981-01-01,other,3.9
65-69,both,1981-01-01,overall,205.2
65-69,both,1981-01-01,bumi,104.8
65-69,both,1981-01-01,chinese,80.4
65-69,both,1981-01-01,indian,17.9
65-69,both,1981-01-01,other,2.1
70-74,both,1981-01-01,overall,142.5
70-74,both,1981-01-01,bumi,65.7
70-74,both,1981-01-01,chinese,64.2
70-74,both,1981-01-01,indian,11.2
70-74,both,1981-01-01,other,1.4
75-79,both,1981-01-01,overall,87.6
75-79,both,1981-01-01,bumi,34.4
75-79,both,1981-01-01,chinese,47.6
75-79,both,1981-01-01,indian,4.9
75-79,both,1981-01-01,other,0.7
80+,both,1981-01-01,overall,73.6
80+,both,1981-01-01,bumi,37.2
80+,both,1981-01-01,chinese,32.6
80+,both,1981-01-01,indian,3.1
80+,both,1981-01-01,other,0.7
overall,female,1981-01-01,overall,7068.3
overall,female,1981-01-01,bumi,4100.9
overall,female,1981-01-01,chinese,2240.3
overall,female,1981-01-01,indian,587.5
overall,female,1981-01-01,other,139.6
0-4,female,1981-01-01,overall,989.5
0-4,female,1981-01-01,bumi,613.9
0-4,female,1981-01-01,chinese,273.6
0-4,female,1981-01-01,indian,80.6
0-4,female,1981-01-01,other,21.4
5-9,female,1981-01-01,overall,907.6
5-9,female,1981-01-01,bumi,549.2
5-9,female,1981-01-01,chinese,268.3
5-9,female,1981-01-01,indian,71.0
5-9,female,1981-01-01,other,19.1
10-14,female,1981-01-01,overall,851.0
10-14,female,1981-01-01,bumi,498.8
10-14,female,1981-01-01,chinese,261.1
10-14,female,1981-01-01,indian,69.8
10-14,female,1981-01-01,other,21.2
15-19,female,1981-01-01,overall,806.2
15-19,female,1981-01-01,bumi,468.0
15-19,female,1981-01-01,chinese,248.6
15-19,female,1981-01-01,indian,71.5
15-19,female,1981-01-01,other,18.2
20-24,female,1981-01-01,overall,715.9
20-24,female,1981-01-01,bumi,414.9
20-24,female,1981-01-01,chinese,215.7
20-24,female,1981-01-01,indian,68.4
20-24,female,1981-01-01,other,16.9
25-29,female,1981-01-01,overall,595.3
25-29,female,1981-01-01,bumi,334.7
25-29,female,1981-01-01,chinese,192.6
25-29,female,1981-01-01,indian,55.8
25-29,female,1981-01-01,other,12.2
30-34,female,1981-01-01,overall,465.7
30-34,female,1981-01-01,bumi,256.1
30-34,female,1981-01-01,chinese,160.5
30-34,female,1981-01-01,indian,40.7
30-34,female,1981-01-01,other,8.3
35-39,female,1981-01-01,overall,367.6
35-39,female,1981-01-01,bumi,203.1
35-39,female,1981-01-01,chinese,129.4
35-39,female,1981-01-01,indian,29.2
35-39,female,1981-01-01,other,5.9
40-44,female,1981-01-01,overall,308.7
40-44,female,1981-01-01,bumi,173.7
40-44,female,1981-01-01,chinese,106.1
40-44,female,1981-01-01,indian,24.4
40-44,female,1981-01-01,other,4.6
45-49,female,1981-01-01,overall,264.6
45-49,female,1981-01-01,bumi,152.9
45-49,female,1981-01-01,chinese,87.1
45-49,female,1981-01-01,indian,21.5
45-49,female,1981-01-01,other,3.1
50-54,female,1981-01-01,overall,220.3
50-54,female,1981-01-01,bumi,129.8
50-54,female,1981-01-01,chinese,70.1
50-54,female,1981-01-01,indian,17.4
50-54,female,1981-01-01,other,2.9
55-59,female,1981-01-01,overall,178.0
55-59,female,1981-01-01,bumi,105.5
55-59,female,1981-01-01,chinese,57.3
55-59,female,1981-01-01,indian,13.4
55-59,female,1981-01-01,other,1.8
60-64,female,1981-01-01,overall,139.4
60-64,female,1981-01-01,bumi,78.0
60-64,female,1981-01-01,chinese,49.6
60-64,female,1981-01-01,indian,10.0
60-64,female,1981-01-01,other,1.8
65-69,female,1981-01-01,overall,103.0
65-69,female,1981-01-01,bumi,52.0
65-69,female,1981-01-01,chinese,43.2
65-69,female,1981-01-01,indian,6.9
65-69,female,1981-01-01,other,0.9
70-74,female,1981-01-01,overall,71.5
70-74,female,1981-01-01,bumi,32.6
70-74,female,1981-01-01,chinese,34.2
70-74,female,1981-01-01,indian,4.1
70-74,female,1981-01-01,other,0.6
75-79,female,1981-01-01,overall,43.4
75-79,female,1981-01-01,bumi,17.4
75-79,female,1981-01-01,chinese,24.0
75-79,female,1981-01-01,indian,1.6
75-79,female,1981-01-01,other,0.4
80+,female,1981-01-01,overall,40.7
80+,female,1981-01-01,bumi,20.3
80+,female,1981-01-01,chinese,18.8
80+,female,1981-01-01,indian,1.1
80+,female,1981-01-01,other,0.4
overall,male,1981-01-01,overall,7188.6
overall,male,1981-01-01,bumi,4099.7
overall,male,1981-01-01,chinese,2280.8
overall,male,1981-01-01,indian,625.2
overall,male,1981-01-01,other,182.9
0-4,male,1981-01-01,overall,1042.9
0-4,male,1981-01-01,bumi,645.7
0-4,male,1981-01-01,chinese,291.0
0-4,male,1981-01-01,indian,83.4
0-4,male,1981-01-01,other,22.8
5-9,male,1981-01-01,overall,946.8
5-9,male,1981-01-01,bumi,567.0
5-9,male,1981-01-01,chinese,285.3
5-9,male,1981-01-01,indian,73.2
5-9,male,1981-01-01,other,21.3
10-14,male,1981-01-01,overall,884.2
10-14,male,1981-01-01,bumi,508.4
10-14,male,1981-01-01,chinese,275.9
10-14,male,1981-01-01,indian,72.6
10-14,male,1981-01-01,other,27.3
15-19,male,1981-01-01,overall,813.6
15-19,male,1981-01-01,bumi,462.6
15-19,male,1981-01-01,chinese,254.1
15-19,male,1981-01-01,indian,73.6
15-19,male,1981-01-01,other,23.2
20-24,male,1981-01-01,overall,687.4
20-24,male,1981-01-01,bumi,387.5
20-24,male,1981-01-01,chinese,209.5
20-24,male,1981-01-01,indian,66.4
20-24,male,1981-01-01,other,24.0
25-29,male,1981-01-01,overall,581.7
25-29,male,1981-01-01,bumi,320.3
25-29,male,1981-01-01,chinese,188.2
25-29,male,1981-01-01,indian,55.1
25-29,male,1981-01-01,other,18.1
30-34,male,1981-01-01,overall,475.0
30-34,male,1981-01-01,bumi,254.4
30-34,male,1981-01-01,chinese,165.5
30-34,male,1981-01-01,indian,42.0
30-34,male,1981-01-01,other,13.1
35-39,male,1981-01-01,overall,387.8
35-39,male,1981-01-01,bumi,206.7
35-39,male,1981-01-01,chinese,140.9
35-39,male,1981-01-01,indian,31.0
35-39,male,1981-01-01,other,9.2
40-44,male,1981-01-01,overall,324.1
40-44,male,1981-01-01,bumi,173.6
40-44,male,1981-01-01,chinese,117.0
40-44,male,1981-01-01,indian,25.9
40-44,male,1981-01-01,other,7.7
45-49,male,1981-01-01,overall,268.2
45-49,male,1981-01-01,bumi,148.3
45-49,male,1981-01-01,chinese,91.3
45-49,male,1981-01-01,indian,23.6
45-49,male,1981-01-01,other,5.0
50-54,male,1981-01-01,overall,216.9
50-54,male,1981-01-01,bumi,124.8
50-54,male,1981-01-01,chinese,66.9
50-54,male,1981-01-01,indian,21.3
50-54,male,1981-01-01,other,3.8
55-59,male,1981-01-01,overall,173.7
55-59,male,1981-01-01,bumi,102.9
55-59,male,1981-01-01,chinese,49.6
55-59,male,1981-01-01,indian,18.6
55-59,male,1981-01-01,other,2.7
60-64,male,1981-01-01,overall,136.2
60-64,male,1981-01-01,bumi,77.8
60-64,male,1981-01-01,chinese,41.1
60-64,male,1981-01-01,indian,15.1
60-64,male,1981-01-01,other,2.1
