age,sex,date,state,district,ethnicity,population
85+,both,2021-01-01,Kedah,Langkawi,other_citizen,0.0
85+,both,2021-01-01,Kedah,Langkawi,other_noncitizen,0.0
overall,female,2021-01-01,Kedah,Langkawi,overall,46.0
overall,female,2021-01-01,Kedah,Langkawi,bumi_malay,41.1
overall,female,2021-01-01,Kedah,Langkawi,bumi_other,0.2
overall,female,2021-01-01,Kedah,Langkawi,chinese,2.2
overall,female,2021-01-01,Kedah,Langkawi,indian,0.9
overall,female,2021-01-01,Kedah,Langkawi,other_citizen,0.5
overall,female,2021-01-01,Kedah,Langkawi,other_noncitizen,1.2
0-4,female,2021-01-01,Kedah,Langkawi,overall,4.1
0-4,female,2021-01-01,Kedah,Langkawi,bumi_malay,3.7
0-4,female,2021-01-01,Kedah,Langkawi,bumi_other,0.0
0-4,female,2021-01-01,Kedah,Langkawi,chinese,0.1
0-4,female,2021-01-01,Kedah,Langkawi,indian,0.1
0-4,female,2021-01-01,Kedah,Langkawi,other_citizen,0.0
0-4,female,2021-01-01,Kedah,Langkawi,other_noncitizen,0.3
5-9,female,2021-01-01,Kedah,Langkawi,overall,4.1
5-9,female,2021-01-01,Kedah,Langkawi,bumi_malay,3.6
5-9,female,2021-01-01,Kedah,Langkawi,bumi_other,0.0
5-9,female,2021-01-01,Kedah,Langkawi,chinese,0.2
5-9,female,2021-01-01,Kedah,Langkawi,indian,0.1
5-9,female,2021-01-01,Kedah,Langkawi,other_citizen,0.1
5-9,female,2021-01-01,Kedah,Langkawi,other_noncitizen,0.1
10-14,female,2021-01-01,Kedah,Langkawi,overall,3.8
10-14,female,2021-01-01,Kedah,Langkawi,bumi_malay,3.4
10-14,female,2021-01-01,Kedah,Langkawi,bumi_other,0.0
10-14,female,2021-01-01,Kedah,Langkawi,chinese,0.2
10-14,female,2021-01-01,Kedah,Langkawi,indian,0.1
10-14,female,2021-01-01,Kedah,Langkawi,other_citizen,0.0
10-14,female,2021-01-01,Kedah,Langkawi,other_noncitizen,0.1
15-19,female,2021-01-01,Kedah,Langkawi,overall,3.8
15-19,female,2021-01-01,Kedah,Langkawi,bumi_malay,3.5
15-19,female,2021-01-01,Kedah,Langkawi,bumi_other,0.0
15-19,female,2021-01-01,Kedah,Langkawi,chinese,0.2
15-19,female,2021-01-01,Kedah,Langkawi,indian,0.1
15-19,female,2021-01-01,Kedah,Langkawi,other_citizen,0.0
15-19,female,2021-01-01,Kedah,Langkawi,other_noncitizen,0.1
20-24,female,2021-01-01,Kedah,Langkawi,overall,4.5
20-24,female,2021-01-01,Kedah,Langkawi,bumi_malay,4.0
20-24,female,2021-01-01,Kedah,Langkawi,bumi_other,0.0
20-24,female,2021-01-01,Kedah,Langkawi,chinese,0.2
20-24,female,2021-01-01,Kedah,Langkawi,indian,0.1
20-24,female,2021-01-01,Kedah,Langkawi,other_citizen,0.1
20-24,female,2021-01-01,Kedah,Langkawi,other_noncitizen,0.1
25-29,female,2021-01-01,Kedah,Langkawi,overall,4.1
25-29,female,2021-01-01,Kedah,Langkawi,bumi_malay,3.7
25-29,female,2021-01-01,Kedah,Langkawi,bumi_other,0.0
25-29,female,2021-01-01,Kedah,Langkawi,chinese,0.2
25-29,female,2021-01-01,Kedah,Langkawi,indian,0.1
25-29,female,2021-01-01,Kedah,Langkawi,other_citizen,0.0
25-29,female,2021-01-01,Kedah,Langkawi,other_noncitizen,0.1
30-34,female,2021-01-01,Kedah,Langkawi,overall,3.3
30-34,female,2021-01-01,Kedah,Langkawi,bumi_malay,2.9
30-34,female,2021-01-01,Kedah,Langkawi,bumi_other,0.0
30-34,female,2021-01-01,Kedah,Langkawi,chinese,0.2
30-34,female,2021-01-01,Kedah,Langkawi,indian,0.1
30-34,female,2021-01-01,Kedah,Langkawi,other_citizen,0.1
30-34,female,2021-01-01,Kedah,Langkawi,other_noncitizen,0.1
35-39,female,2021-01-01,Kedah,Langkawi,overall,3.0
35-39,female,2021-01-01,Kedah,Langkawi,bumi_malay,2.7
35-39,female,2021-01-01,Kedah,Langkawi,bumi_other,0.0
35-39,female,2021-01-01,Kedah,Langkawi,chinese,0.1
35-39,female,2021-01-01,Kedah,Langkawi,indian,0.1
35-39,female,2021-01-01,Kedah,Langkawi,other_citizen,0.1
35-39,female,2021-01-01,Kedah,Langkawi,other_noncitizen,0.1
40-44,female,2021-01-01,Kedah,Langkawi,overall,2.5
40-44,female,2021-01-01,Kedah,Langkawi,bumi_malay,2.3
40-44,female,2021-01-01,Kedah,Langkawi,bumi_other,0.0
40-44,female,2021-01-01,Kedah,Langkawi,chinese,0.1
40-44,female,2021-01-01,Kedah,Langkawi,indian,0.1
40-44,female,2021-01-01,Kedah,Langkawi,other_citizen,0.0
40-44,female,2021-01-01,Kedah,Langkawi,other_noncitizen,0.1
45-49,female,2021-01-01,Kedah,Langkawi,overall,2.5
45-49,female,2021-01-01,Kedah,Langkawi,bumi_malay,2.2
45-49,female,2021-01-01,Kedah,Langkawi,bumi_other,0.0
45-49,female,2021-01-01,Kedah,Langkawi,chinese,0.1
45-49,female,2021-01-01,Kedah,Langkawi,indian,0.1
45-49,female,2021-01-01,Kedah,Langkawi,other_citizen,0.0
45-49,female,2021-01-01,Kedah,Langkawi,other_noncitizen,0.0
50-54,female,2021-01-01,Kedah,Langkawi,overall,2.5
50-54,female,2021-01-01,Kedah,Langkawi,bumi_malay,2.2
50-54,female,2021-01-01,Kedah,Langkawi,bumi_other,0.1
50-54,female,2021-01-01,Kedah,Langkawi,chinese,0.1
50-54,female,2021-01-01,Kedah,Langkawi,indian,0.1
50-54,female,2021-01-01,Kedah,Langkawi,other_citizen,0.0
50-54,female,2021-01-01,Kedah,Langkawi,other_noncitizen,0.0
55-59,female,2021-01-01,Kedah,Langkawi,overall,2.2
55-59,female,2021-01-01,Kedah,Langkawi,bumi_malay,2.0
55-59,female,2021-01-01,Kedah,Langkawi,bumi_other,0.0
55-59,female,2021-01-01,Kedah,Langkawi,chinese,0.1
55-59,female,2021-01-01,Kedah,Langkawi,indian,0.1
55-59,female,2021-01-01,Kedah,Langkawi,other_citizen,0.0
55-59,female,2021-01-01,Kedah,Langkawi,other_noncitizen,0.0
60-64,female,2021-01-01,Kedah,Langkawi,overall,2.0
60-64,female,2021-01-01,Kedah,Langkawi,bumi_malay,1.8
60-64,female,2021-01-01,Kedah,Langkawi,bumi_other,0.0
60-64,female,2021-01-01,Kedah,Langkawi,chinese,0.1
60-64,female,2021-01-01,Kedah,Langkawi,indian,0.0
60-64,female,2021-01-01,Kedah,Langkawi,other_citizen,0.0
60-64,female,2021-01-01,Kedah,Langkawi,other_noncitizen,0.0
65-69,female,2021-01-01,Kedah,Langkawi,overall,1.4
65-69,female,2021-01-01,Kedah,Langkawi,bumi_malay,1.2
65-69,female,2021-01-01,Kedah,Langkawi,bumi_other,0.0
65-69,female,2021-01-01,Kedah,Langkawi,chinese,0.1
65-69,female,2021-01-01,Kedah,Langkawi,indian,0.0
65-69,female,2021-01-01,Kedah,Langkawi,other_citizen,0.0
65-69,female,2021-01-01,Kedah,Langkawi,other_noncitizen,0.0
70-74,female,2021-01-01,Kedah,Langkawi,overall,0.9
70-74,female,2021-01-01,Kedah,Langkawi,bumi_malay,0.8
70-74,female,2021-01-01,Kedah,Langkawi,bumi_other,0.0
70-74,female,2021-01-01,Kedah,Langkawi,chinese,0.0
70-74,female,2021-01-01,Kedah,Langkawi,indian,0.0
70-74,female,2021-01-01,Kedah,Langkawi,other_citizen,0.0
70-74,female,2021-01-01,Kedah,Langkawi,other_noncitizen,0.0
80-84,both,2021-01-01,Kedah,Langkawi,other_citizen,0.0
80-84,both,2021-01-01,Kedah,Langkawi,other_noncitizen,0.0
85+,both,2021-01-01,Kedah,Langkawi,overall,0.5
85+,both,2021-01-01,Kedah,Langkawi,bumi_malay,0.4
85+,both,2021-01-01,Kedah,Langkawi,bumi_other,0.0
85+,both,2021-01-01,Kedah,Langkawi,chinese,0.0
overall,both,2020-01-01,Johor,Batu Pahat,overall,495.3
overall,both,2020-01-01,Johor,Batu Pahat,bumi_malay,311.3
overall,both,2020-01-01,Johor,Batu Pahat,bumi_other,5.1
overall,both,2020-01-01,Johor,Batu Pahat,chinese,140.1
overall,both,2020-01-01,Johor,Batu Pahat,indian,6.9
overall,both,2020-01-01,Johor,Batu Pahat,other_citizen,1.8
overall,both,2020-01-01,Johor,Batu Pahat,other_noncitizen,30.2
0-4,both,2020-01-01,Johor,Batu Pahat,overall,30.3
0-4,both,2020-01-01,Johor,Batu Pahat,bumi_malay,21.3
0-4,both,2020-01-01,Johor,Batu Pahat,bumi_other,0.5
0-4,both,2020-01-01,Johor,Batu Pahat,chinese,8.2
0-4,both,2020-01-01,Johor,Batu Pahat,indian,0.3
0-4,both,2020-01-01,Johor,Batu Pahat,other_citizen,0.0
0-4,both,2020-01-01,Johor,Batu Pahat,other_noncitizen,0.1
5-9,both,2020-01-01,Johor,Batu Pahat,overall,35.6
5-9,both,2020-01-01,Johor,Batu Pahat,bumi_malay,24.4
5-9,both,2020-01-01,Johor,Batu Pahat,bumi_other,0.4
5-9,both,2020-01-01,Johor,Batu Pahat,chinese,10.3
5-9,both,2020-01-01,Johor,Batu Pahat,indian,0.4
5-9,both,2020-01-01,Johor,Batu Pahat,other_citizen,0.1
5-9,both,2020-01-01,Johor,Batu Pahat,other_noncitizen,0.1
10-14,both,2020-01-01,Johor,Batu Pahat,overall,40.0
10-14,both,2020-01-01,Johor,Batu Pahat,bumi_malay,26.9
10-14,both,2020-01-01,Johor,Batu Pahat,bumi_other,0.4
10-14,both,2020-01-01,Johor,Batu Pahat,chinese,12.1
10-14,both,2020-01-01,Johor,Batu Pahat,indian,0.5
10-14,both,2020-01-01,Johor,Batu Pahat,other_citizen,0.1
10-14,both,2020-01-01,Johor,Batu Pahat,other_noncitizen,0.0
15-19,both,2020-01-01,Johor,Batu Pahat,overall,45.0
15-19,both,2020-01-01,Johor,Batu Pahat,bumi_malay,30.2
15-19,both,2020-01-01,Johor,Batu Pahat,bumi_other,0.6
15-19,both,2020-01-01,Johor,Batu Pahat,chinese,11.6
15-19,both,2020-01-01,Johor,Batu Pahat,indian,0.7
15-19,both,2020-01-01,Johor,Batu Pahat,other_citizen,0.5
15-19,both,2020-01-01,Johor,Batu Pahat,other_noncitizen,1.5
20-24,both,2020-01-01,Johor,Batu Pahat,overall,49.0
20-24,both,2020-01-01,Johor,Batu Pahat,bumi_malay,29.4
20-24,both,2020-01-01,Johor,Batu Pahat,bumi_other,0.4
20-24,both,2020-01-01,Johor,Batu Pahat,chinese,12.1
20-24,both,2020-01-01,Johor,Batu Pahat,indian,0.6
20-24,both,2020-01-01,Johor,Batu Pahat,other_citizen,0.3
20-24,both,2020-01-01,Johor,Batu Pahat,other_noncitizen,6.1
25-29,both,2020-01-01,Johor,Batu Pahat,overall,45.3
25-29,both,2020-01-01,Johor,Batu Pahat,bumi_malay,26.4
25-29,both,2020-01-01,Johor,Batu Pahat,bumi_other,0.3
25-29,both,2020-01-01,Johor,Batu Pahat,chinese,11.3
25-29,both,2020-01-01,Johor,Batu Pahat,indian,0.6
25-29,both,2020-01-01,Johor,Batu Pahat,other_citizen,0.1
25-29,both,2020-01-01,Johor,Batu Pahat,other_noncitizen,6.6
30-34,both,2020-01-01,Johor,Batu Pahat,overall,43.1
30-34,both,2020-01-01,Johor,Batu Pahat,bumi_malay,26.7
30-34,both,2020-01-01,Johor,Batu Pahat,bumi_other,0.5
30-34,both,2020-01-01,Johor,Batu Pahat,chinese,10.8
30-34,both,2020-01-01,Johor,Batu Pahat,indian,0.6
30-34,both,2020-01-01,Johor,Batu Pahat,other_citizen,0.1
30-34,both,2020-01-01,Johor,Batu Pahat,other_noncitizen,4.4
35-39,both,2020-01-01,Johor,Batu Pahat,overall,40.4
35-39,both,2020-01-01,Johor,Batu Pahat,bumi_malay,25.4
35-39,both,2020-01-01,Johor,Batu Pahat,bumi_other,0.6
35-39,both,2020-01-01,Johor,Batu Pahat,chinese,10.7
35-39,both,2020-01-01,Johor,Batu Pahat,indian,0.7
35-39,both,2020-01-01,Johor,Batu Pahat,other_citizen,0.1
35-39,both,2020-01-01,Johor,Batu Pahat,other_noncitizen,3.1
40-44,both,2020-01-01,Johor,Batu Pahat,overall,32.7
40-44,both,2020-01-01,Johor,Batu Pahat,bumi_malay,19.5
40-44,both,2020-01-01,Johor,Batu Pahat,bumi_other,0.4
40-44,both,2020-01-01,Johor,Batu Pahat,chinese,10.0
40-44,both,2020-01-01,Johor,Batu Pahat,indian,0.6
40-44,both,2020-01-01,Johor,Batu Pahat,other_citizen,0.2
40-44,both,2020-01-01,Johor,Batu Pahat,other_noncitizen,2.1
45-49,both,2020-01-01,Johor,Batu Pahat,overall,29.7
45-49,both,2020-01-01,Johor,Batu Pahat,bumi_malay,17.6
45-49,both,2020-01-01,Johor,Batu Pahat,bumi_other,0.3
45-49,both,2020-01-01,Johor,Batu Pahat,chinese,9.7
45-49,both,2020-01-01,Johor,Batu Pahat,indian,0.5
45-49,both,2020-01-01,Johor,Batu Pahat,other_citizen,0.1
45-49,both,2020-01-01,Johor,Batu Pahat,other_noncitizen,1.5
50-54,both,2020-01-01,Johor,Batu Pahat,overall,27.1
50-54,both,2020-01-01,Johor,Batu Pahat,bumi_malay,16.4
50-54,both,2020-01-01,Johor,Batu Pahat,bumi_other,0.2
50-54,both,2020-01-01,Johor,Batu Pahat,chinese,9.1
50-54,both,2020-01-01,Johor,Batu Pahat,indian,0.4
50-54,both,2020-01-01,Johor,Batu Pahat,other_citizen,0.1
50-54,both,2020-01-01,Johor,Batu Pahat,other_noncitizen,1.0
55-59,both,2020-01-01,Johor,Batu Pahat,overall,24.3
55-59,both,2020-01-01,Johor,Batu Pahat,bumi_malay,14.9
55-59,both,2020-01-01,Johor,Batu Pahat,bumi_other,0.2
55-59,both,2020-01-01,Johor,Batu Pahat,chinese,8.1
55-59,both,2020-01-01,Johor,Batu Pahat,indian,0.4
55-59,both,2020-01-01,Johor,Batu Pahat,other_citizen,0.1
55-59,both,2020-01-01,Johor,Batu Pahat,other_noncitizen,0.8
60-64,both,2020-01-01,Johor,Batu Pahat,overall,20.3
60-64,both,2020-01-01,Johor,Batu Pahat,bumi_malay,12.2
60-64,both,2020-01-01,Johor,Batu Pahat,bumi_other,0.1
60-64,both,2020-01-01,Johor,Batu Pahat,chinese,7.1
60-64,both,2020-01-01,Johor,Batu Pahat,indian,0.3
60-64,both,2020-01-01,Johor,Batu Pahat,other_citizen,0.1
60-64,both,2020-01-01,Johor,Batu Pahat,other_noncitizen,0.5
65-69,both,2020-01-01,Johor,Batu Pahat,overall,12.7
65-69,both,2020-01-01,Johor,Batu Pahat,bumi_malay,8.0
65-69,both,2020-01-01,Johor,Batu Pahat,bumi_other,0.1
65-69,both,2020-01-01,Johor,Batu Pahat,chinese,3.3
65-69,both,2020-01-01,Johor,Batu Pahat,indian,0.2
65-69,both,2020-01-01,Johor,Batu Pahat,other_citizen,0.1
65-69,both,2020-01-01,Johor,Batu Pahat,other_noncitizen,0.9
70-74,both,2020-01-01,Johor,Batu Pahat,overall,8.8
70-74,both,2020-01-01,Johor,Batu Pahat,bumi_malay,5.4
70-74,both,2020-01-01,Johor,Batu Pahat,bumi_other,0.1
70-74,both,2020-01-01,Johor,Batu Pahat,chinese,2.6
70-74,both,2020-01-01,Johor,Batu Pahat,indian,0.1
70-74,both,2020-01-01,Johor,Batu Pahat,other_citizen,0.0
70-74,both,2020-01-01,Johor,Batu Pahat,other_noncitizen,0.6
75-79,both,2020-01-01,Johor,Batu Pahat,overall,5.1
75-79,both,2020-01-01,Johor,Batu Pahat,bumi_malay,3.0
75-79,both,2020-01-01,Johor,Batu Pahat,bumi_other,0.1
75-79,both,2020-01-01,Johor,Batu Pahat,chinese,1.6
75-79,both,2020-01-01,Johor,Batu Pahat,indian,0.1
75-79,both,2020-01-01,Johor,Batu Pahat,other_citizen,0.0
75-79,both,2020-01-01,Johor,Batu Pahat,other_noncitizen,0.3
80-84,both,2020-01-01,Johor,Batu Pahat,overall,3.3
80-84,both,2020-01-01,Johor,Batu Pahat,bumi_malay,1.8
80-84,both,2020-01-01,Johor,Batu Pahat,bumi_other,0.0
80-84,both,2020-01-01,Johor,Batu Pahat,chinese,1.0
80-84,both,2020-01-01,Johor,Batu Pahat,indian,0.0
80-84,both,2020-01-01,Johor,Batu Pahat,other_citizen,0.0
80-84,both,2020-01-01,Johor,Batu Pahat,other_noncitizen,0.3
85+,both,2020-01-01,Johor,Batu Pahat,overall,2.6
85+,both,2020-01-01,Johor,Batu Pahat,bumi_malay,1.6
85+,both,2020-01-01,Johor,Batu Pahat,bumi_other,0.1
85+,both,2020-01-01,Johor,Batu Pahat,chinese,0.6
85+,both,2020-01-01,Johor,Batu Pahat,indian,0.0
85+,both,2020-01-01,Johor,Batu Pahat,other_citizen,0.0
85+,both,2020-01-01,Johor,Batu Pahat,other_noncitizen,0.4
overall,female,2020-01-01,Johor,Batu Pahat,overall,233.7
overall,female,2020-01-01,Johor,Batu Pahat,bumi_malay,154.3
overall,female,2020-01-01,Johor,Batu Pahat,bumi_other,2.5
overall,female,2020-01-01,Johor,Batu Pahat,chinese,68.5
overall,female,2020-01-01,Johor,Batu Pahat,indian,3.2
overall,female,2020-01-01,Johor,Batu Pahat,other_citizen,0.5
overall,female,2020-01-01,Johor,Batu Pahat,other_noncitizen,4.6
0-4,female,2020-01-01,Johor,Batu Pahat,overall,15.3
0-4,female,2020-01-01,Johor,Batu Pahat,bumi_malay,10.6
0-4,female,2020-01-01,Johor,Batu Pahat,bumi_other,0.2
0-4,female,2020-01-01,Johor,Batu Pahat,chinese,4.2
0-4,female,2020-01-01,Johor,Batu Pahat,indian,0.2
0-4,female,2020-01-01,Johor,Batu Pahat,other_citizen,0.0
0-4,female,2020-01-01,Johor,Batu Pahat,other_noncitizen,0.0
5-9,female,2020-01-01,Johor,Batu Pahat,overall,17.1
5-9,female,2020-01-01,Johor,Batu Pahat,bumi_malay,11.8
5-9,female,2020-01-01,Johor,Batu Pahat,bumi_other,0.2
5-9,female,2020-01-01,Johor,Batu Pahat,chinese,4.9
5-9,female,2020-01-01,Johor,Batu Pahat,indian,0.2
5-9,female,2020-01-01,Johor,Batu Pahat,other_citizen,0.0
5-9,female,2020-01-01,Johor,Batu Pahat,other_noncitizen,0.0
10-14,female,2020-01-01,Johor,Batu Pahat,overall,19.4
10-14,female,2020-01-01,Johor,Batu Pahat,bumi_malay,13.2
10-14,female,2020-01-01,Johor,Batu Pahat,bumi_other,0.2
10-14,female,2020-01-01,Johor,Batu Pahat,chinese,5.8
10-14,female,2020-01-01,Johor,Batu Pahat,indian,0.2
10-14,female,2020-01-01,Johor,Batu Pahat,other_citizen,0.0
10-14,female,2020-01-01,Johor,Batu Pahat,other_noncitizen,0.0
15-19,female,2020-01-01,Johor,Batu Pahat,overall,21.5
15-19,female,2020-01-01,Johor,Batu Pahat,bumi_malay,14.8
15-19,female,2020-01-01,Johor,Batu Pahat,bumi_other,0.3
15-19,female,2020-01-01,Johor,Batu Pahat,chinese,5.7
15-19,female,2020-01-01,Johor,Batu Pahat,indian,0.3
15-19,female,2020-01-01,Johor,Batu Pahat,other_citizen,0.1
15-19,female,2020-01-01,Johor,Batu Pahat,other_noncitizen,0.2
20-24,female,2020-01-01,Johor,Batu Pahat,overall,21.5
20-24,female,2020-01-01,Johor,Batu Pahat,bumi_malay,14.3
20-24,female,2020-01-01,Johor,Batu Pahat,bumi_other,0.2
20-24,female,2020-01-01,Johor,Batu Pahat,chinese,5.8
20-24,female,2020-01-01,Johor,Batu Pahat,indian,0.3
20-24,female,2020-01-01,Johor,Batu Pahat,other_citizen,0.1
20-24,female,2020-01-01,Johor,Batu Pahat,other_noncitizen,0.8
25-29,female,2020-01-01,Johor,Batu Pahat,overall,19.8
25-29,female,2020-01-01,Johor,Batu Pahat,bumi_malay,13.0
25-29,female,2020-01-01,Johor,Batu Pahat,bumi_other,0.2
25-29,female,2020-01-01,Johor,Batu Pahat,chinese,5.6
25-29,female,2020-01-01,Johor,Batu Pahat,indian,0.3
25-29,female,2020-01-01,Johor,Batu Pahat,other_citizen,0.1
25-29,female,2020-01-01,Johor,Batu Pahat,other_noncitizen,0.6
30-34,female,2020-01-01,Johor,Batu Pahat,overall,19.4
30-34,female,2020-01-01,Johor,Batu Pahat,bumi_malay,13.1
30-34,female,2020-01-01,Johor,Batu Pahat,bumi_other,0.2
30-34,female,2020-01-01,Johor,Batu Pahat,chinese,5.3
30-34,female,2020-01-01,Johor,Batu Pahat,indian,0.2
30-34,female,2020-01-01,Johor,Batu Pahat,other_citizen,0.0
30-34,female,2020-01-01,Johor,Batu Pahat,other_noncitizen,0.5
35-39,female,2020-01-01,Johor,Batu Pahat,overall,18.9
35-39,female,2020-01-01,Johor,Batu Pahat,bumi_malay,12.7
35-39,female,2020-01-01,Johor,Batu Pahat,bumi_other,0.3
35-39,female,2020-01-01,Johor,Batu Pahat,chinese,5.2
35-39,female,2020-01-01,Johor,Batu Pahat,indian,0.3
35-39,female,2020-01-01,Johor,Batu Pahat,other_citizen,0.0
35-39,female,2020-01-01,Johor,Batu Pahat,other_noncitizen,0.4
40-44,female,2020-01-01,Johor,Batu Pahat,overall,15.1
40-44,female,2020-01-01,Johor,Batu Pahat,bumi_malay,9.6
40-44,female,2020-01-01,Johor,Batu Pahat,bumi_other,0.1
40-44,female,2020-01-01,Johor,Batu Pahat,chinese,4.9
40-44,female,2020-01-01,Johor,Batu Pahat,indian,0.3
40-44,female,2020-01-01,Johor,Batu Pahat,other_citizen,0.0
40-44,female,2020-01-01,Johor,Batu Pahat,other_noncitizen,0.3
45-49,female,2020-01-01,Johor,Batu Pahat,overall,14.2
45-49,female,2020-01-01,Johor,Batu Pahat,bumi_malay,8.9
45-49,female,2020-01-01,Johor,Batu Pahat,bumi_other,0.1
45-49,female,2020-01-01,Johor,Batu Pahat,chinese,4.8
45-49,female,2020-01-01,Johor,Batu Pahat,indian,0.2
45-49,female,2020-01-01,Johor,Batu Pahat,other_citizen,0.0
45-49,female,2020-01-01,Johor,Batu Pahat,other_noncitizen,0.2
50-54,female,2020-01-01,Johor,Batu Pahat,overall,13.4
50-54,female,2020-01-01,Johor,Batu Pahat,bumi_malay,8.4
50-54,female,2020-01-01,Johor,Batu Pahat,bumi_other,0.1
50-54,female,2020-01-01,Johor,Batu Pahat,chinese,4.5
50-54,female,2020-01-01,Johor,Batu Pahat,indian,0.2
50-54,female,2020-01-01,Johor,Batu Pahat,other_citizen,0.0
50-54,female,2020-01-01,Johor,Batu Pahat,other_noncitizen,0.2
55-59,female,2020-01-01,Johor,Batu Pahat,overall,11.7
55-59,female,2020-01-01,Johor,Batu Pahat,bumi_malay,7.5
55-59,female,2020-01-01,Johor,Batu Pahat,bumi_other,0.1
55-59,female,2020-01-01,Johor,Batu Pahat,chinese,3.8
55-59,female,2020-01-01,Johor,Batu Pahat,indian,0.2
55-59,female,2020-01-01,Johor,Batu Pahat,other_citizen,0.0
55-59,female,2020-01-01,Johor,Batu Pahat,other_noncitizen,0.1
60-64,female,2020-01-01,Johor,Batu Pahat,overall,10.1
60-64,female,2020-01-01,Johor,Batu Pahat,bumi_malay,6.3
60-64,female,2020-01-01,Johor,Batu Pahat,bumi_other,0.1
60-64,female,2020-01-01,Johor,Batu Pahat,chinese,3.6
60-64,female,2020-01-01,Johor,Batu Pahat,indian,0.1
60-64,female,2020-01-01,Johor,Batu Pahat,other_citizen,0.0
60-64,female,2020-01-01,Johor,Batu Pahat,other_noncitizen,0.1
65-69,female,2020-01-01,Johor,Batu Pahat,overall,6.4
65-69,female,2020-01-01,Johor,Batu Pahat,bumi_malay,4.1
65-69,female,2020-01-01,Johor,Batu Pahat,bumi_other,0.1
65-69,female,2020-01-01,Johor,Batu Pahat,chinese,1.6
65-69,female,2020-01-01,Johor,Batu Pahat,indian,0.1
65-69,female,2020-01-01,Johor,Batu Pahat,other_citizen,0.1
65-69,female,2020-01-01,Johor,Batu Pahat,other_noncitizen,0.5
70-74,female,2020-01-01,Johor,Batu Pahat,overall,4.5
70-74,female,2020-01-01,Johor,Batu Pahat,bumi_malay,2.8
70-74,female,2020-01-01,Johor,Batu Pahat,bumi_other,0.0
70-74,female,2020-01-01,Johor,Batu Pahat,chinese,1.3
70-74,female,2020-01-01,Johor,Batu Pahat,indian,0.1
70-74,female,2020-01-01,Johor,Batu Pahat,other_citizen,0.0
70-74,female,2020-01-01,Johor,Batu Pahat,other_noncitizen,0.3
75-79,female,2020-01-01,Johor,Batu Pahat,overall,2.6
75-79,female,2020-01-01,Johor,Batu Pahat,bumi_malay,1.6
75-79,female,2020-01-01,Johor,Batu Pahat,bumi_other,0.0
75-79,female,2020-01-01,Johor,Batu Pahat,chinese,0.8
75-79,female,2020-01-01,Johor,Batu Pahat,indian,0.0
75-79,female,2020-01-01,Johor,Batu Pahat,other_citizen,0.0
75-79,female,2020-01-01,Johor,Batu Pahat,other_noncitizen,0.2
80-84,female,2020-01-01,Johor,Batu Pahat,overall,1.7
80-84,female,2020-01-01,Johor,Batu Pahat,bumi_malay,1.0
80-84,female,2020-01-01,Johor,Batu Pahat,bumi_other,0.0
80-84,female,2020-01-01,Johor,Batu Pahat,chinese,0.5
80-84,female,2020-01-01,Johor,Batu Pahat,indian,0.0
80-84,female,2020-01-01,Johor,Batu Pahat,other_citizen,0.0
80-84,female,2020-01-01,Johor,Batu Pahat,other_noncitizen,0.2
85+,female,2020-01-01,Johor,Batu Pahat,overall,1.2
85+,female,2020-01-01,Johor,Batu Pahat,bumi_malay,0.8
85+,female,2020-01-01,Johor,Batu Pahat,bumi_other,0.0
85+,female,2020-01-01,Johor,Batu Pahat,chinese,0.2
85+,female,2020-01-01,Johor,Batu Pahat,indian,0.0
85+,female,2020-01-01,Johor,Batu Pahat,other_citizen,0.0
85+,female,2020-01-01,Johor,Batu Pahat,other_noncitizen,0.1
overall,male,2020-01-01,Johor,Batu Pahat,overall,261.6
overall,male,2020-01-01,Johor,Batu Pahat,bumi_malay,156.9
overall,male,2020-01-01,Johor,Batu Pahat,bumi_other,2.6
overall,male,2020-01-01,Johor,Batu Pahat,chinese,71.6
overall,male,2020-01-01,Johor,Batu Pahat,indian,3.7
overall,male,2020-01-01,Johor,Batu Pahat,other_citizen,1.2
overall,male,2020-01-01,Johor,Batu Pahat,other_noncitizen,25.6
0-4,male,2020-01-01,Johor,Batu Pahat,overall,15.0
0-4,male,2020-01-01,Johor,Batu Pahat,bumi_malay,10.6
0-4,male,2020-01-01,Johor,Batu Pahat,bumi_other,0.2
0-4,male,2020-01-01,Johor,Batu Pahat,chinese,4.0
0-4,male,2020-01-01,Johor,Batu Pahat,indian,0.1
0-4,male,2020-01-01,Johor,Batu Pahat,other_citizen,0.0
0-4,male,2020-01-01,Johor,Batu Pahat,other_noncitizen,0.0
5-9,male,2020-01-01,Johor,Batu Pahat,overall,18.5
5-9,male,2020-01-01,Johor,Batu Pahat,bumi_malay,12.6
5-9,male,2020-01-01,Johor,Batu Pahat,bumi_other,0.2
5-9,male,2020-01-01,Johor,Batu Pahat,chinese,5.4
5-9,male,2020-01-01,Johor,Batu Pahat,indian,0.2
5-9,male,2020-01-01,Johor,Batu Pahat,other_citizen,0.0
5-9,male,2020-01-01,Johor,Batu Pahat,other_noncitizen,0.0
10-14,male,2020-01-01,Johor,Batu Pahat,overall,20.6
10-14,male,2020-01-01,Johor,Batu Pahat,bumi_malay,13.8
10-14,male,2020-01-01,Johor,Batu Pahat,bumi_other,0.2
10-14,male,2020-01-01,Johor,Batu Pahat,chinese,6.3
10-14,male,2020-01-01,Johor,Batu Pahat,indian,0.3
10-14,male,2020-01-01,Johor,Batu Pahat,other_citizen,0.0
10-14,male,2020-01-01,Johor,Batu Pahat,other_noncitizen,0.0
15-19,male,2020-01-01,Johor,Batu Pahat,overall,23.5
15-19,male,2020-01-01,Johor,Batu Pahat,bumi_malay,15.4
15-19,male,2020-01-01,Johor,Batu Pahat,bumi_other,0.3
15-19,male,2020-01-01,Johor,Batu Pahat,chinese,5.9
15-19,male,2020-01-01,Johor,Batu Pahat,indian,0.4
15-19,male,2020-01-01,Johor,Batu Pahat,other_citizen,0.4
15-19,male,2020-01-01,Johor,Batu Pahat,other_noncitizen,1.2
20-24,male,2020-01-01,Johor,Batu Pahat,overall,27.5
20-24,male,2020-01-01,Johor,Batu Pahat,bumi_malay,15.1
20-24,male,2020-01-01,Johor,Batu Pahat,bumi_other,0.1
20-24,male,2020-01-01,Johor,Batu Pahat,chinese,6.3
20-24,male,2020-01-01,Johor,Batu Pahat,indian,0.4
20-24,male,2020-01-01,Johor,Batu Pahat,other_citizen,0.2
20-24,male,2020-01-01,Johor,Batu Pahat,other_noncitizen,5.4
25-29,male,2020-01-01,Johor,Batu Pahat,overall,25.6
25-29,male,2020-01-01,Johor,Batu Pahat,bumi_malay,13.4
25-29,male,2020-01-01,Johor,Batu Pahat,bumi_other,0.1
25-29,male,2020-01-01,Johor,Batu Pahat,chinese,5.7
25-29,male,2020-01-01,Johor,Batu Pahat,indian,0.3
25-29,male,2020-01-01,Johor,Batu Pahat,other_citizen,0.0
25-29,male,2020-01-01,Johor,Batu Pahat,other_noncitizen,6.0
30-34,male,2020-01-01,Johor,Batu Pahat,overall,23.7
30-34,male,2020-01-01,Johor,Batu Pahat,bumi_malay,13.6
30-34,male,2020-01-01,Johor,Batu Pahat,bumi_other,0.3
30-34,male,2020-01-01,Johor,Batu Pahat,chinese,5.5
30-34,male,2020-01-01,Johor,Batu Pahat,indian,0.3
30-34,male,2020-01-01,Johor,Batu Pahat,other_citizen,0.1
30-34,male,2020-01-01,Johor,Batu Pahat,other_noncitizen,3.9
35-39,male,2020-01-01,Johor,Batu Pahat,overall,21.6
35-39,male,2020-01-01,Johor,Batu Pahat,bumi_malay,12.7
35-39,male,2020-01-01,Johor,Batu Pahat,bumi_other,0.3
35-39,male,2020-01-01,Johor,Batu Pahat,chinese,5.5
35-39,male,2020-01-01,Johor,Batu Pahat,indian,0.4
35-39,male,2020-01-01,Johor,Batu Pahat,other_citizen,0.0
35-39,male,2020-01-01,Johor,Batu Pahat,other_noncitizen,2.7
40-44,male,2020-01-01,Johor,Batu Pahat,overall,17.6
40-44,male,2020-01-01,Johor,Batu Pahat,bumi_malay,9.9
40-44,male,2020-01-01,Johor,Batu Pahat,bumi_other,0.3
40-44,male,2020-01-01,Johor,Batu Pahat,chinese,5.1
40-44,male,2020-01-01,Johor,Batu Pahat,indian,0.3
40-44,male,2020-01-01,Johor,Batu Pahat,other_citizen,0.1
40-44,male,2020-01-01,Johor,Batu Pahat,other_noncitizen,1.8
45-49,male,2020-01-01,Johor,Batu Pahat,overall,15.5
45-49,male,2020-01-01,Johor,Batu Pahat,bumi_malay,8.8
45-49,male,2020-01-01,Johor,Batu Pahat,bumi_other,0.2
45-49,male,2020-01-01,Johor,Batu Pahat,chinese,4.9
45-49,male,2020-01-01,Johor,Batu Pahat,indian,0.2
45-49,male,2020-01-01,Johor,Batu Pahat,other_citizen,0.1
45-49,male,2020-01-01,Johor,Batu Pahat,other_noncitizen,1.2
50-54,male,2020-01-01,Johor,Batu Pahat,overall,13.8
50-54,male,2020-01-01,Johor,Batu Pahat,bumi_malay,8.0
50-54,male,2020-01-01,Johor,Batu Pahat,bumi_other,0.1
50-54,male,2020-01-01,Johor,Batu Pahat,chinese,4.5
50-54,male,2020-01-01,Johor,Batu Pahat,indian,0.2
50-54,male,2020-01-01,Johor,Batu Pahat,other_citizen,0.1
50-54,male,2020-01-01,Johor,Batu Pahat,other_noncitizen,0.8
55-59,male,2020-01-01,Johor,Batu Pahat,overall,12.7
55-59,male,2020-01-01,Johor,Batu Pahat,bumi_malay,7.5
55-59,male,2020-01-01,Johor,Batu Pahat,bumi_other,0.1
55-59,male,2020-01-01,Johor,Batu Pahat,chinese,4.2
55-59,male,2020-01-01,Johor,Batu Pahat,indian,0.2
55-59,male,2020-01-01,Johor,Batu Pahat,other_citizen,0.0
55-59,male,2020-01-01,Johor,Batu Pahat,other_noncitizen,0.7
60-64,male,2020-01-01,Johor,Batu Pahat,overall,10.1
60-64,male,2020-01-01,Johor,Batu Pahat,bumi_malay,6.0
60-64,male,2020-01-01,Johor,Batu Pahat,bumi_other,0.1
60-64,male,2020-01-01,Johor,Batu Pahat,chinese,3.5
60-64,male,2020-01-01,Johor,Batu Pahat,indian,0.1
60-64,male,2020-01-01,Johor,Batu Pahat,other_citizen,0.1
60-64,male,2020-01-01,Johor,Batu Pahat,other_noncitizen,0.4
65-69,male,2020-01-01,Johor,Batu Pahat,overall,6.3
65-69,male,2020-01-01,Johor,Batu Pahat,bumi_malay,3.9
65-69,male,2020-01-01,Johor,Batu Pahat,bumi_other,0.1
65-69,male,2020-01-01,Johor,Batu Pahat,chinese,1.7
65-69,male,2020-01-01,Johor,Batu Pahat,indian,0.1
65-69,male,2020-01-01,Johor,Batu Pahat,other_citizen,0.1
65-69,male,2020-01-01,Johor,Batu Pahat,other_noncitizen,0.4
70-74,male,2020-01-01,Johor,Batu Pahat,overall,4.4
70-74,male,2020-01-01,Johor,Batu Pahat,bumi_malay,2.6
70-74,male,2020-01-01,Johor,Batu Pahat,bumi_other,0.0
70-74,male,2020-01-01,Johor,Batu Pahat,chinese,1.3
70-74,male,2020-01-01,Johor,Batu Pahat,indian,0.1
70-74,male,2020-01-01,Johor,Batu Pahat,other_citizen,0.0
70-74,male,2020-01-01,Johor,Batu Pahat,other_noncitizen,0.3
75-79,male,2020-01-01,Johor,Batu Pahat,overall,2.5
75-79,male,2020-01-01,Johor,Batu Pahat,bumi_malay,1.4
75-79,male,2020-01-01,Johor,Batu Pahat,bumi_other,0.0
75-79,male,2020-01-01,Johor,Batu Pahat,chinese,0.8
75-79,male,2020-01-01,Johor,Batu Pahat,indian,0.0
75-79,male,2020-01-01,Johor,Batu Pahat,other_citizen,0.0
75-79,male,2020-01-01,Johor,Batu Pahat,other_noncitizen,0.2
80-84,male,2020-01-01,Johor,Batu Pahat,overall,1.6
80-84,male,2020-01-01,Johor,Batu Pahat,bumi_malay,0.8
80-84,male,2020-01-01,Johor,Batu Pahat,bumi_other,0.0
80-84,male,2020-01-01,Johor,Batu Pahat,chinese,0.5
80-84,male,2020-01-01,Johor,Batu Pahat,indian,0.0
80-84,male,2020-01-01,Johor,Batu Pahat,other_citizen,0.0
80-84,male,2020-01-01,Johor,Batu Pahat,other_noncitizen,0.2
85+,male,2020-01-01,Johor,Batu Pahat,overall,1.4
85+,male,2020-01-01,Johor,Batu Pahat,bumi_malay,0.8
85+,male,2020-01-01,Johor,Batu Pahat,bumi_other,0.0
85+,male,2020-01-01,Johor,Batu Pahat,chinese,0.4
85+,male,2020-01-01,Johor,Batu Pahat,indian,0.0
85+,male,2020-01-01,Johor,Batu Pahat,other_citizen,0.0
85+,male,2020-01-01,Johor,Batu Pahat,other_noncitizen,0.2
overall,both,2020-01-01,Johor,Johor Bahru,overall,1711.2
overall,both,2020-01-01,Johor,Johor Bahru,bumi_malay,794.4
overall,both,2020-01-01,Johor,Johor Bahru,bumi_other,32.4
overall,both,2020-01-01,Johor,Johor Bahru,chinese,606.3
overall,both,2020-01-01,Johor,Johor Bahru,indian,145.0
overall,both,2020-01-01,Johor,Johor Bahru,other_citizen,10.0
overall,both,2020-01-01,Johor,Johor Bahru,other_noncitizen,123.2
0-4,both,2020-01-01,Johor,Johor Bahru,overall,158.7
0-4,both,2020-01-01,Johor,Johor Bahru,bumi_malay,91.0
0-4,both,2020-01-01,Johor,Johor Bahru,bumi_other,3.4
0-4,both,2020-01-01,Johor,Johor Bahru,chinese,49.7
0-4,both,2020-01-01,Johor,Johor Bahru,indian,12.8
0-4,both,2020-01-01,Johor,Johor Bahru,other_citizen,0.8
0-4,both,2020-01-01,Johor,Johor Bahru,other_noncitizen,1.0
5-9,both,2020-01-01,Johor,Johor Bahru,overall,149.9
5-9,both,2020-01-01,Johor,Johor Bahru,bumi_malay,80.2
5-9,both,2020-01-01,Johor,Johor Bahru,bumi_other,3.2
5-9,both,2020-01-01,Johor,Johor Bahru,chinese,51.3
5-9,both,2020-01-01,Johor,Johor Bahru,indian,13.3
5-9,both,2020-01-01,Johor,Johor Bahru,other_citizen,0.7
5-9,both,2020-01-01,Johor,Johor Bahru,other_noncitizen,1.2
10-14,both,2020-01-01,Johor,Johor Bahru,overall,141.8
10-14,both,2020-01-01,Johor,Johor Bahru,bumi_malay,73.4
10-14,both,2020-01-01,Johor,Johor Bahru,bumi_other,3.1
10-14,both,2020-01-01,Johor,Johor Bahru,chinese,50.2
10-14,both,2020-01-01,Johor,Johor Bahru,indian,13.5
10-14,both,2020-01-01,Johor,Johor Bahru,other_citizen,0.8
10-14,both,2020-01-01,Johor,Johor Bahru,other_noncitizen,0.8
15-19,both,2020-01-01,Johor,Johor Bahru,overall,142.0
15-19,both,2020-01-01,Johor,Johor Bahru,bumi_malay,69.9
15-19,both,2020-01-01,Johor,Johor Bahru,bumi_other,3.4
15-19,both,2020-01-01,Johor,Johor Bahru,chinese,48.4
15-19,both,2020-01-01,Johor,Johor Bahru,indian,12.3
15-19,both,2020-01-01,Johor,Johor Bahru,other_citizen,2.2
15-19,both,2020-01-01,Johor,Johor Bahru,other_noncitizen,6.0
20-24,both,2020-01-01,Johor,Johor Bahru,overall,158.9
20-24,both,2020-01-01,Johor,Johor Bahru,bumi_malay,68.0
20-24,both,2020-01-01,Johor,Johor Bahru,bumi_other,2.3
20-24,both,2020-01-01,Johor,Johor Bahru,chinese,50.6
20-24,both,2020-01-01,Johor,Johor Bahru,indian,11.9
20-24,both,2020-01-01,Johor,Johor Bahru,other_citizen,1.3
20-24,both,2020-01-01,Johor,Johor Bahru,other_noncitizen,24.8
25-29,both,2020-01-01,Johor,Johor Bahru,overall,147.7
25-29,both,2020-01-01,Johor,Johor Bahru,bumi_malay,61.0
25-29,both,2020-01-01,Johor,Johor Bahru,bumi_other,1.8
25-29,both,2020-01-01,Johor,Johor Bahru,chinese,47.3
25-29,both,2020-01-01,Johor,Johor Bahru,indian,11.3
25-29,both,2020-01-01,Johor,Johor Bahru,other_citizen,0.6
25-29,both,2020-01-01,Johor,Johor Bahru,other_noncitizen,25.8
30-34,both,2020-01-01,Johor,Johor Bahru,overall,137.9
30-34,both,2020-01-01,Johor,Johor Bahru,bumi_malay,61.8
30-34,both,2020-01-01,Johor,Johor Bahru,bumi_other,2.9
30-34,both,2020-01-01,Johor,Johor Bahru,chinese,44.9
30-34,both,2020-01-01,Johor,Johor Bahru,indian,10.2
30-34,both,2020-01-01,Johor,Johor Bahru,other_citizen,0.4
30-34,both,2020-01-01,Johor,Johor Bahru,other_noncitizen,17.7
35-39,both,2020-01-01,Johor,Johor Bahru,overall,131.1
35-39,both,2020-01-01,Johor,Johor Bahru,bumi_malay,58.7
35-39,both,2020-01-01,Johor,Johor Bahru,bumi_other,3.4
35-39,both,2020-01-01,Johor,Johor Bahru,chinese,44.5
35-39,both,2020-01-01,Johor,Johor Bahru,indian,11.8
35-39,both,2020-01-01,Johor,Johor Bahru,other_citizen,0.3
35-39,both,2020-01-01,Johor,Johor Bahru,other_noncitizen,12.4
40-44,both,2020-01-01,Johor,Johor Bahru,overall,109.1
40-44,both,2020-01-01,Johor,Johor Bahru,bumi_malay,45.1
40-44,both,2020-01-01,Johor,Johor Bahru,bumi_other,2.5
40-44,both,2020-01-01,Johor,Johor Bahru,chinese,41.7
40-44,both,2020-01-01,Johor,Johor Bahru,indian,10.8
40-44,both,2020-01-01,Johor,Johor Bahru,other_citizen,0.7
40-44,both,2020-01-01,Johor,Johor Bahru,other_noncitizen,8.3
45-49,both,2020-01-01,Johor,Johor Bahru,overall,98.5
45-49,both,2020-01-01,Johor,Johor Bahru,bumi_malay,40.8
45-49,both,2020-01-01,Johor,Johor Bahru,bumi_other,1.9
45-49,both,2020-01-01,Johor,Johor Bahru,chinese,40.4
45-49,both,2020-01-01,Johor,Johor Bahru,indian,8.8
45-49,both,2020-01-01,Johor,Johor Bahru,other_citizen,0.5
45-49,both,2020-01-01,Johor,Johor Bahru,other_noncitizen,6.1
50-54,both,2020-01-01,Johor,Johor Bahru,overall,89.2
50-54,both,2020-01-01,Johor,Johor Bahru,bumi_malay,37.8
50-54,both,2020-01-01,Johor,Johor Bahru,bumi_other,1.3
50-54,both,2020-01-01,Johor,Johor Bahru,chinese,37.7
50-54,both,2020-01-01,Johor,Johor Bahru,indian,7.8
50-54,both,2020-01-01,Johor,Johor Bahru,other_citizen,0.4
50-54,both,2020-01-01,Johor,Johor Bahru,other_noncitizen,4.2
55-59,both,2020-01-01,Johor,Johor Bahru,overall,79.3
55-59,both,2020-01-01,Johor,Johor Bahru,bumi_malay,34.5
55-59,both,2020-01-01,Johor,Johor Bahru,bumi_other,0.9
55-59,both,2020-01-01,Johor,Johor Bahru,chinese,33.7
55-59,both,2020-01-01,Johor,Johor Bahru,indian,6.7
55-59,both,2020-01-01,Johor,Johor Bahru,other_citizen,0.3
55-59,both,2020-01-01,Johor,Johor Bahru,other_noncitizen,3.2
60-64,both,2020-01-01,Johor,Johor Bahru,overall,66.2
60-64,both,2020-01-01,Johor,Johor Bahru,bumi_malay,28.2
60-64,both,2020-01-01,Johor,Johor Bahru,bumi_other,0.6
60-64,both,2020-01-01,Johor,Johor Bahru,chinese,29.5
60-64,both,2020-01-01,Johor,Johor Bahru,indian,5.4
60-64,both,2020-01-01,Johor,Johor Bahru,other_citizen,0.4
60-64,both,2020-01-01,Johor,Johor Bahru,other_noncitizen,2.1
65-69,both,2020-01-01,Johor,Johor Bahru,overall,39.2
65-69,both,2020-01-01,Johor,Johor Bahru,bumi_malay,17.6
65-69,both,2020-01-01,Johor,Johor Bahru,bumi_other,0.6
65-69,both,2020-01-01,Johor,Johor Bahru,chinese,13.4
65-69,both,2020-01-01,Johor,Johor Bahru,indian,3.7
65-69,both,2020-01-01,Johor,Johor Bahru,other_citizen,0.4
65-69,both,2020-01-01,Johor,Johor Bahru,other_noncitizen,3.5
70-74,both,2020-01-01,Johor,Johor Bahru,overall,27.4
70-74,both,2020-01-01,Johor,Johor Bahru,bumi_malay,12.1
70-74,both,2020-01-01,Johor,Johor Bahru,bumi_other,0.5
70-74,both,2020-01-01,Johor,Johor Bahru,chinese,10.3
70-74,both,2020-01-01,Johor,Johor Bahru,indian,2.2
70-74,both,2020-01-01,Johor,Johor Bahru,other_citizen,0.1
70-74,both,2020-01-01,Johor,Johor Bahru,other_noncitizen,2.2
75-79,both,2020-01-01,Johor,Johor Bahru,overall,15.9
75-79,both,2020-01-01,Johor,Johor Bahru,bumi_malay,6.7
75-79,both,2020-01-01,Johor,Johor Bahru,bumi_other,0.3
75-79,both,2020-01-01,Johor,Johor Bahru,chinese,6.4
75-79,both,2020-01-01,Johor,Johor Bahru,indian,1.2
75-79,both,2020-01-01,Johor,Johor Bahru,other_citizen,0.1
75-79,both,2020-01-01,Johor,Johor Bahru,other_noncitizen,1.2
80-84,both,2020-01-01,Johor,Johor Bahru,overall,10.2
80-84,both,2020-01-01,Johor,Johor Bahru,bumi_malay,4.1
80-84,both,2020-01-01,Johor,Johor Bahru,bumi_other,0.2
80-84,both,2020-01-01,Johor,Johor Bahru,chinese,4.1
80-84,both,2020-01-01,Johor,Johor Bahru,indian,0.6
80-84,both,2020-01-01,Johor,Johor Bahru,other_citizen,0.0
80-84,both,2020-01-01,Johor,Johor Bahru,other_noncitizen,1.3
85+,both,2020-01-01,Johor,Johor Bahru,overall,8.3
85+,both,2020-01-01,Johor,Johor Bahru,bumi_malay,3.5
85+,both,2020-01-01,Johor,Johor Bahru,bumi_other,0.3
85+,both,2020-01-01,Johor,Johor Bahru,chinese,2.3
85+,both,2020-01-01,Johor,Johor Bahru,indian,0.7
85+,both,2020-01-01,Johor,Johor Bahru,other_citizen,0.0
85+,both,2020-01-01,Johor,Johor Bahru,other_noncitizen,1.4
overall,female,2020-01-01,Johor,Johor Bahru,overall,803.9
overall,female,2020-01-01,Johor,Johor Bahru,bumi_malay,387.8
overall,female,2020-01-01,Johor,Johor Bahru,bumi_other,15.3
overall,female,2020-01-01,Johor,Johor Bahru,chinese,294.5
overall,female,2020-01-01,Johor,Johor Bahru,indian,71.9
overall,female,2020-01-01,Johor,Johor Bahru,other_citizen,4.3
overall,female,2020-01-01,Johor,Johor Bahru,other_noncitizen,30.0
0-4,female,2020-01-01,Johor,Johor Bahru,overall,80.0
0-4,female,2020-01-01,Johor,Johor Bahru,bumi_malay,45.5
0-4,female,2020-01-01,Johor,Johor Bahru,bumi_other,1.7
0-4,female,2020-01-01,Johor,Johor Bahru,chinese,25.2
0-4,female,2020-01-01,Johor,Johor Bahru,indian,6.6
0-4,female,2020-01-01,Johor,Johor Bahru,other_citizen,0.4
0-4,female,2020-01-01,Johor,Johor Bahru,other_noncitizen,0.5
5-9,female,2020-01-01,Johor,Johor Bahru,overall,72.5
5-9,female,2020-01-01,Johor,Johor Bahru,bumi_malay,38.7
5-9,female,2020-01-01,Johor,Johor Bahru,bumi_other,1.5
5-9,female,2020-01-01,Johor,Johor Bahru,chinese,24.9
5-9,female,2020-01-01,Johor,Johor Bahru,indian,6.5
5-9,female,2020-01-01,Johor,Johor Bahru,other_citizen,0.4
5-9,female,2020-01-01,Johor,Johor Bahru,other_noncitizen,0.6
10-14,female,2020-01-01,Johor,Johor Bahru,overall,68.1
10-14,female,2020-01-01,Johor,Johor Bahru,bumi_malay,35.3
10-14,female,2020-01-01,Johor,Johor Bahru,bumi_other,1.5
10-14,female,2020-01-01,Johor,Johor Bahru,chinese,24.0
10-14,female,2020-01-01,Johor,Johor Bahru,indian,6.5
10-14,female,2020-01-01,Johor,Johor Bahru,other_citizen,0.4
10-14,female,2020-01-01,Johor,Johor Bahru,other_noncitizen,0.4
15-19,female,2020-01-01,Johor,Johor Bahru,overall,67.3
15-19,female,2020-01-01,Johor,Johor Bahru,bumi_malay,33.6
15-19,female,2020-01-01,Johor,Johor Bahru,bumi_other,1.8
15-19,female,2020-01-01,Johor,Johor Bahru,chinese,23.6
15-19,female,2020-01-01,Johor,Johor Bahru,indian,6.0
15-19,female,2020-01-01,Johor,Johor Bahru,other_citizen,0.8
15-19,female,2020-01-01,Johor,Johor Bahru,other_noncitizen,1.5
20-24,female,2020-01-01,Johor,Johor Bahru,overall,69.7
20-24,female,2020-01-01,Johor,Johor Bahru,bumi_malay,32.4
20-24,female,2020-01-01,Johor,Johor Bahru,bumi_other,1.4
20-24,female,2020-01-01,Johor,Johor Bahru,chinese,23.9
20-24,female,2020-01-01,Johor,Johor Bahru,indian,5.8
20-24,female,2020-01-01,Johor,Johor Bahru,other_citizen,0.7
20-24,female,2020-01-01,Johor,Johor Bahru,other_noncitizen,5.5
25-29,female,2020-01-01,Johor,Johor Bahru,overall,64.3
25-29,female,2020-01-01,Johor,Johor Bahru,bumi_malay,29.5
25-29,female,2020-01-01,Johor,Johor Bahru,bumi_other,1.0
25-29,female,2020-01-01,Johor,Johor Bahru,chinese,23.1
25-29,female,2020-01-01,Johor,Johor Bahru,indian,5.8
25-29,female,2020-01-01,Johor,Johor Bahru,other_citizen,0.5
25-29,female,2020-01-01,Johor,Johor Bahru,other_noncitizen,4.4
30-34,female,2020-01-01,Johor,Johor Bahru,overall,61.1
30-34,female,2020-01-01,Johor,Johor Bahru,bumi_malay,29.7
30-34,female,2020-01-01,Johor,Johor Bahru,bumi_other,1.2
30-34,female,2020-01-01,Johor,Johor Bahru,chinese,21.8
30-34,female,2020-01-01,Johor,Johor Bahru,indian,4.7
30-34,female,2020-01-01,Johor,Johor Bahru,other_citizen,0.1
30-34,female,2020-01-01,Johor,Johor Bahru,other_noncitizen,3.6
35-39,female,2020-01-01,Johor,Johor Bahru,overall,60.1
35-39,female,2020-01-01,Johor,Johor Bahru,bumi_malay,28.9
35-39,female,2020-01-01,Johor,Johor Bahru,bumi_other,1.6
35-39,female,2020-01-01,Johor,Johor Bahru,chinese,21.3
35-39,female,2020-01-01,Johor,Johor Bahru,indian,5.7
35-39,female,2020-01-01,Johor,Johor Bahru,other_citizen,0.2
35-39,female,2020-01-01,Johor,Johor Bahru,other_noncitizen,2.5
40-44,female,2020-01-01,Johor,Johor Bahru,overall,49.8
40-44,female,2020-01-01,Johor,Johor Bahru,bumi_malay,21.7
40-44,female,2020-01-01,Johor,Johor Bahru,bumi_other,0.8
40-44,female,2020-01-01,Johor,Johor Bahru,chinese,20.0
40-44,female,2020-01-01,Johor,Johor Bahru,indian,5.1
40-44,female,2020-01-01,Johor,Johor Bahru,other_citizen,0.2
40-44,female,2020-01-01,Johor,Johor Bahru,other_noncitizen,2.0
45-49,female,2020-01-01,Johor,Johor Bahru,overall,46.7
45-49,female,2020-01-01,Johor,Johor Bahru,bumi_malay,20.2
45-49,female,2020-01-01,Johor,Johor Bahru,bumi_other,0.7
45-49,female,2020-01-01,Johor,Johor Bahru,chinese,19.5
45-49,female,2020-01-01,Johor,Johor Bahru,indian,4.5
45-49,female,2020-01-01,Johor,Johor Bahru,other_citizen,0.2
45-49,female,2020-01-01,Johor,Johor Bahru,other_noncitizen,1.6
50-54,female,2020-01-01,Johor,Johor Bahru,overall,43.3
50-54,female,2020-01-01,Johor,Johor Bahru,bumi_malay,19.0
50-54,female,2020-01-01,Johor,Johor Bahru,bumi_other,0.5
50-54,female,2020-01-01,Johor,Johor Bahru,chinese,18.6
50-54,female,2020-01-01,Johor,Johor Bahru,indian,3.9
50-54,female,2020-01-01,Johor,Johor Bahru,other_citizen,0.2
50-54,female,2020-01-01,Johor,Johor Bahru,other_noncitizen,1.2
55-59,female,2020-01-01,Johor,Johor Bahru,overall,37.3
55-59,female,2020-01-01,Johor,Johor Bahru,bumi_malay,17.0
55-59,female,2020-01-01,Johor,Johor Bahru,bumi_other,0.4
55-59,female,2020-01-01,Johor,Johor Bahru,chinese,15.8
55-59,female,2020-01-01,Johor,Johor Bahru,indian,3.2
55-59,female,2020-01-01,Johor,Johor Bahru,other_citizen,0.1
55-59,female,2020-01-01,Johor,Johor Bahru,other_noncitizen,0.9
60-64,female,2020-01-01,Johor,Johor Bahru,overall,32.8
60-64,female,2020-01-01,Johor,Johor Bahru,bumi_malay,14.2
60-64,female,2020-01-01,Johor,Johor Bahru,bumi_other,0.3
60-64,female,2020-01-01,Johor,Johor Bahru,chinese,14.7
60-64,female,2020-01-01,Johor,Johor Bahru,indian,2.9
60-64,female,2020-01-01,Johor,Johor Bahru,other_citizen,0.1
60-64,female,2020-01-01,Johor,Johor Bahru,other_noncitizen,0.7
65-69,female,2020-01-01,Johor,Johor Bahru,overall,19.8
65-69,female,2020-01-01,Johor,Johor Bahru,bumi_malay,8.8
65-69,female,2020-01-01,Johor,Johor Bahru,bumi_other,0.3
65-69,female,2020-01-01,Johor,Johor Bahru,chinese,6.8
65-69,female,2020-01-01,Johor,Johor Bahru,indian,2.0
65-69,female,2020-01-01,Johor,Johor Bahru,other_citizen,0.1
65-69,female,2020-01-01,Johor,Johor Bahru,other_noncitizen,1.8
70-74,female,2020-01-01,Johor,Johor Bahru,overall,13.9
70-74,female,2020-01-01,Johor,Johor Bahru,bumi_malay,6.0
70-74,female,2020-01-01,Johor,Johor Bahru,bumi_other,0.2
70-74,female,2020-01-01,Johor,Johor Bahru,chinese,5.2
70-74,female,2020-01-01,Johor,Johor Bahru,indian,1.2
70-74,female,2020-01-01,Johor,Johor Bahru,other_citizen,0.1
70-74,female,2020-01-01,Johor,Johor Bahru,other_noncitizen,1.1
75-79,female,2020-01-01,Johor,Johor Bahru,overall,8.2
75-79,female,2020-01-01,Johor,Johor Bahru,bumi_malay,3.5
75-79,female,2020-01-01,Johor,Johor Bahru,bumi_other,0.1
75-79,female,2020-01-01,Johor,Johor Bahru,chinese,3.3
75-79,female,2020-01-01,Johor,Johor Bahru,indian,0.7
75-79,female,2020-01-01,Johor,Johor Bahru,other_citizen,0.0
75-79,female,2020-01-01,Johor,Johor Bahru,other_noncitizen,0.6
80-84,female,2020-01-01,Johor,Johor Bahru,overall,5.3
80-84,female,2020-01-01,Johor,Johor Bahru,bumi_malay,2.2
80-84,female,2020-01-01,Johor,Johor Bahru,bumi_other,0.1
80-84,female,2020-01-01,Johor,Johor Bahru,chinese,2.0
80-84,female,2020-01-01,Johor,Johor Bahru,indian,0.3
80-84,female,2020-01-01,Johor,Johor Bahru,other_citizen,0.0
80-84,female,2020-01-01,Johor,Johor Bahru,other_noncitizen,0.6
85+,female,2020-01-01,Johor,Johor Bahru,overall,3.7
85+,female,2020-01-01,Johor,Johor Bahru,bumi_malay,1.7
85+,female,2020-01-01,Johor,Johor Bahru,bumi_other,0.2
85+,female,2020-01-01,Johor,Johor Bahru,chinese,1.0
85+,female,2020-01-01,Johor,Johor Bahru,indian,0.3
85+,female,2020-01-01,Johor,Johor Bahru,other_citizen,0.0
85+,female,2020-01-01,Johor,Johor Bahru,other_noncitizen,0.6
overall,male,2020-01-01,Johor,Johor Bahru,overall,907.3
overall,male,2020-01-01,Johor,Johor Bahru,bumi_malay,406.6
overall,male,2020-01-01,Johor,Johor Bahru,bumi_other,17.1
overall,male,2020-01-01,Johor,Johor Bahru,chinese,311.7
overall,male,2020-01-01,Johor,Johor Bahru,indian,73.1
overall,male,2020-01-01,Johor,Johor Bahru,other_citizen,5.6
overall,male,2020-01-01,Johor,Johor Bahru,other_noncitizen,93.1
0-4,male,2020-01-01,Johor,Johor Bahru,overall,78.7
0-4,male,2020-01-01,Johor,Johor Bahru,bumi_malay,45.5
0-4,male,2020-01-01,Johor,Johor Bahru,bumi_other,1.7
0-4,male,2020-01-01,Johor,Johor Bahru,chinese,24.5
0-4,male,2020-01-01,Johor,Johor Bahru,indian,6.1
0-4,male,2020-01-01,Johor,Johor Bahru,other_citizen,0.4
0-4,male,2020-01-01,Johor,Johor Bahru,other_noncitizen,0.5
5-9,male,2020-01-01,Johor,Johor Bahru,overall,77.3
5-9,male,2020-01-01,Johor,Johor Bahru,bumi_malay,41.5
5-9,male,2020-01-01,Johor,Johor Bahru,bumi_other,1.6
5-9,male,2020-01-01,Johor,Johor Bahru,chinese,26.4
5-9,male,2020-01-01,Johor,Johor Bahru,indian,6.8
5-9,male,2020-01-01,Johor,Johor Bahru,other_citizen,0.3
5-9,male,2020-01-01,Johor,Johor Bahru,other_noncitizen,0.6
10-14,male,2020-01-01,Johor,Johor Bahru,overall,73.6
10-14,male,2020-01-01,Johor,Johor Bahru,bumi_malay,38.1
10-14,male,2020-01-01,Johor,Johor Bahru,bumi_other,1.6
10-14,male,2020-01-01,Johor,Johor Bahru,chinese,26.2
10-14,male,2020-01-01,Johor,Johor Bahru,indian,6.9
10-14,male,2020-01-01,Johor,Johor Bahru,other_citizen,0.4
10-14,male,2020-01-01,Johor,Johor Bahru,other_noncitizen,0.4
15-19,male,2020-01-01,Johor,Johor Bahru,overall,74.8
15-19,male,2020-01-01,Johor,Johor Bahru,bumi_malay,36.2
15-19,male,2020-01-01,Johor,Johor Bahru,bumi_other,1.6
15-19,male,2020-01-01,Johor,Johor Bahru,chinese,24.8
15-19,male,2020-01-01,Johor,Johor Bahru,indian,6.3
15-19,male,2020-01-01,Johor,Johor Bahru,other_citizen,1.4
15-19,male,2020-01-01,Johor,Johor Bahru,other_noncitizen,4.5
20-24,male,2020-01-01,Johor,Johor Bahru,overall,89.2
20-24,male,2020-01-01,Johor,Johor Bahru,bumi_malay,35.6
20-24,male,2020-01-01,Johor,Johor Bahru,bumi_other,0.9
20-24,male,2020-01-01,Johor,Johor Bahru,chinese,26.7
20-24,male,2020-01-01,Johor,Johor Bahru,indian,6.1
20-24,male,2020-01-01,Johor,Johor Bahru,other_citizen,0.6
20-24,male,2020-01-01,Johor,Johor Bahru,other_noncitizen,19.2
25-29,male,2020-01-01,Johor,Johor Bahru,overall,83.5
25-29,male,2020-01-01,Johor,Johor Bahru,bumi_malay,31.5
25-29,male,2020-01-01,Johor,Johor Bahru,bumi_other,0.7
25-29,male,2020-01-01,Johor,Johor Bahru,chinese,24.2
25-29,male,2020-01-01,Johor,Johor Bahru,indian,5.5
25-29,male,2020-01-01,Johor,Johor Bahru,other_citizen,0.1
25-29,male,2020-01-01,Johor,Johor Bahru,other_noncitizen,21.4
30-34,male,2020-01-01,Johor,Johor Bahru,overall,76.8
30-34,male,2020-01-01,Johor,Johor Bahru,bumi_malay,32.1
30-34,male,2020-01-01,Johor,Johor Bahru,bumi_other,1.7
30-34,male,2020-01-01,Johor,Johor Bahru,chinese,23.1
30-34,male,2020-01-01,Johor,Johor Bahru,indian,5.5
30-34,male,2020-01-01,Johor,Johor Bahru,other_citizen,0.3
30-34,male,2020-01-01,Johor,Johor Bahru,other_noncitizen,14.1
35-39,male,2020-01-01,Johor,Johor Bahru,overall,71.0
35-39,male,2020-01-01,Johor,Johor Bahru,bumi_malay,29.8
35-39,male,2020-01-01,Johor,Johor Bahru,bumi_other,1.9
35-39,male,2020-01-01,Johor,Johor Bahru,chinese,23.2
35-39,male,2020-01-01,Johor,Johor Bahru,indian,6.1
35-39,male,2020-01-01,Johor,Johor Bahru,other_citizen,0.1
35-39,male,2020-01-01,Johor,Johor Bahru,other_noncitizen,9.8
40-44,male,2020-01-01,Johor,Johor Bahru,overall,59.4
40-44,male,2020-01-01,Johor,Johor Bahru,bumi_malay,23.4
40-44,male,2020-01-01,Johor,Johor Bahru,bumi_other,1.7
40-44,male,2020-01-01,Johor,Johor Bahru,chinese,21.7
40-44,male,2020-01-01,Johor,Johor Bahru,indian,5.6
40-44,male,2020-01-01,Johor,Johor Bahru,other_citizen,0.5
40-44,male,2020-01-01,Johor,Johor Bahru,other_noncitizen,6.4
45-49,male,2020-01-01,Johor,Johor Bahru,overall,51.9
45-49,male,2020-01-01,Johor,Johor Bahru,bumi_malay,20.6
45-49,male,2020-01-01,Johor,Johor Bahru,bumi_other,1.2
45-49,male,2020-01-01,Johor,Johor Bahru,chinese,20.9
45-49,male,2020-01-01,Johor,Johor Bahru,indian,4.3
45-49,male,2020-01-01,Johor,Johor Bahru,other_citizen,0.4
45-49,male,2020-01-01,Johor,Johor Bahru,other_noncitizen,4.5
50-54,male,2020-01-01,Johor,Johor Bahru,overall,45.8
50-54,male,2020-01-01,Johor,Johor Bahru,bumi_malay,18.8
50-54,male,2020-01-01,Johor,Johor Bahru,bumi_other,0.8
50-54,male,2020-01-01,Johor,Johor Bahru,chinese,19.1
50-54,male,2020-01-01,Johor,Johor Bahru,indian,3.9
50-54,male,2020-01-01,Johor,Johor Bahru,other_citizen,0.2
50-54,male,2020-01-01,Johor,Johor Bahru,other_noncitizen,3.0
55-59,male,2020-01-01,Johor,Johor Bahru,overall,41.9
55-59,male,2020-01-01,Johor,Johor Bahru,bumi_malay,17.6
55-59,male,2020-01-01,Johor,Johor Bahru,bumi_other,0.5
55-59,male,2020-01-01,Johor,Johor Bahru,chinese,17.9
55-59,male,2020-01-01,Johor,Johor Bahru,indian,3.5
55-59,male,2020-01-01,Johor,Johor Bahru,other_citizen,0.1
55-59,male,2020-01-01,Johor,Johor Bahru,other_noncitizen,2.3
60-64,male,2020-01-01,Johor,Johor Bahru,overall,33.4
60-64,male,2020-01-01,Johor,Johor Bahru,bumi_malay,14.0
60-64,male,2020-01-01,Johor,Johor Bahru,bumi_other,0.4
60-64,male,2020-01-01,Johor,Johor Bahru,chinese,14.7
60-64,male,2020-01-01,Johor,Johor Bahru,indian,2.5
60-64,male,2020-01-01,Johor,Johor Bahru,other_citizen,0.3
60-64,male,2020-01-01,Johor,Johor Bahru,other_noncitizen,1.5
65-69,male,2020-01-01,Johor,Johor Bahru,overall,19.3
65-69,male,2020-01-01,Johor,Johor Bahru,bumi_malay,8.8
65-69,male,2020-01-01,Johor,Johor Bahru,bumi_other,0.3
65-69,male,2020-01-01,Johor,Johor Bahru,chinese,6.6
65-69,male,2020-01-01,Johor,Johor Bahru,indian,1.7
65-69,male,2020-01-01,Johor,Johor Bahru,other_citizen,0.3
65-69,male,2020-01-01,Johor,Johor Bahru,other_noncitizen,1.7
70-74,male,2020-01-01,Johor,Johor Bahru,overall,13.4
70-74,male,2020-01-01,Johor,Johor Bahru,bumi_malay,6.0
70-74,male,2020-01-01,Johor,Johor Bahru,bumi_other,0.2
70-74,male,2020-01-01,Johor,Johor Bahru,chinese,5.1
70-74,male,2020-01-01,Johor,Johor Bahru,indian,1.0
70-74,male,2020-01-01,Johor,Johor Bahru,other_citizen,0.0
70-74,male,2020-01-01,Johor,Johor Bahru,other_noncitizen,1.1
75-79,male,2020-01-01,Johor,Johor Bahru,overall,7.7
75-79,male,2020-01-01,Johor,Johor Bahru,bumi_malay,3.2
75-79,male,2020-01-01,Johor,Johor Bahru,bumi_other,0.2
75-79,male,2020-01-01,Johor,Johor Bahru,chinese,3.1
75-79,male,2020-01-01,Johor,Johor Bahru,indian,0.6
75-79,male,2020-01-01,Johor,Johor Bahru,other_citizen,0.0
75-79,male,2020-01-01,Johor,Johor Bahru,other_noncitizen,0.6
80-84,male,2020-01-01,Johor,Johor Bahru,overall,5.0
80-84,male,2020-01-01,Johor,Johor Bahru,bumi_malay,1.9
80-84,male,2020-01-01,Johor,Johor Bahru,bumi_other,0.1
80-84,male,2020-01-01,Johor,Johor Bahru,chinese,2.1
80-84,male,2020-01-01,Johor,Johor Bahru,indian,0.3
80-84,male,2020-01-01,Johor,Johor Bahru,other_citizen,0.0
80-84,male,2020-01-01,Johor,Johor Bahru,other_noncitizen,0.7
85+,male,2020-01-01,Johor,Johor Bahru,overall,4.6
85+,male,2020-01-01,Johor,Johor Bahru,bumi_malay,1.9
85+,male,2020-01-01,Johor,Johor Bahru,bumi_other,0.1
85+,male,2020-01-01,Johor,Johor Bahru,chinese,1.3
85+,male,2020-01-01,Johor,Johor Bahru,indian,0.4
85+,male,2020-01-01,Johor,Johor Bahru,other_citizen,0.0
85+,male,2020-01-01,Johor,Johor Bahru,other_noncitizen,0.8
overall,both,2020-01-01,Johor,Kluang,overall,323.8
overall,both,2020-01-01,Johor,Kluang,bumi_malay,166.6
overall,both,2020-01-01,Johor,Kluang,bumi_other,4.8
overall,both,2020-01-01,Johor,Kluang,chinese,92.3
overall,both,2020-01-01,Johor,Kluang,indian,24.8
overall,both,2020-01-01,Johor,Kluang,other_citizen,1.4
overall,both,2020-01-01,Johor,Kluang,other_noncitizen,33.8
0-4,both,2020-01-01,Johor,Kluang,overall,19.7
0-4,both,2020-01-01,Johor,Kluang,bumi_malay,13.5
0-4,both,2020-01-01,Johor,Kluang,bumi_other,0.6
0-4,both,2020-01-01,Johor,Kluang,chinese,4.2
0-4,both,2020-01-01,Johor,Kluang,indian,1.2
0-4,both,2020-01-01,Johor,Kluang,other_citizen,0.0
0-4,both,2020-01-01,Johor,Kluang,other_noncitizen,0.0
5-9,both,2020-01-01,Johor,Kluang,overall,26.9
5-9,both,2020-01-01,Johor,Kluang,bumi_malay,16.4
5-9,both,2020-01-01,Johor,Kluang,bumi_other,0.6
5-9,both,2020-01-01,Johor,Kluang,chinese,7.7
5-9,both,2020-01-01,Johor,Kluang,indian,2.0
5-9,both,2020-01-01,Johor,Kluang,other_citizen,0.0
5-9,both,2020-01-01,Johor,Kluang,other_noncitizen,0.1
10-14,both,2020-01-01,Johor,Kluang,overall,28.6
10-14,both,2020-01-01,Johor,Kluang,bumi_malay,16.7
10-14,both,2020-01-01,Johor,Kluang,bumi_other,0.5
10-14,both,2020-01-01,Johor,Kluang,chinese,9.0
10-14,both,2020-01-01,Johor,Kluang,indian,2.2
10-14,both,2020-01-01,Johor,Kluang,other_citizen,0.1
10-14,both,2020-01-01,Johor,Kluang,other_noncitizen,0.1
15-19,both,2020-01-01,Johor,Kluang,overall,27.7
15-19,both,2020-01-01,Johor,Kluang,bumi_malay,15.3
15-19,both,2020-01-01,Johor,Kluang,bumi_other,0.5
15-19,both,2020-01-01,Johor,Kluang,chinese,7.6
15-19,both,2020-01-01,Johor,Kluang,indian,2.3
15-19,both,2020-01-01,Johor,Kluang,other_citizen,0.4
15-19,both,2020-01-01,Johor,Kluang,other_noncitizen,1.6
20-24,both,2020-01-01,Johor,Kluang,overall,32.5
20-24,both,2020-01-01,Johor,Kluang,bumi_malay,14.9
20-24,both,2020-01-01,Johor,Kluang,bumi_other,0.3
20-24,both,2020-01-01,Johor,Kluang,chinese,8.0
20-24,both,2020-01-01,Johor,Kluang,indian,2.2
20-24,both,2020-01-01,Johor,Kluang,other_citizen,0.2
20-24,both,2020-01-01,Johor,Kluang,other_noncitizen,6.9
25-29,both,2020-01-01,Johor,Kluang,overall,30.7
25-29,both,2020-01-01,Johor,Kluang,bumi_malay,13.4
25-29,both,2020-01-01,Johor,Kluang,bumi_other,0.2
25-29,both,2020-01-01,Johor,Kluang,chinese,7.5
25-29,both,2020-01-01,Johor,Kluang,indian,2.1
25-29,both,2020-01-01,Johor,Kluang,other_citizen,0.1
25-29,both,2020-01-01,Johor,Kluang,other_noncitizen,7.5
30-34,both,2020-01-01,Johor,Kluang,overall,28.0
30-34,both,2020-01-01,Johor,Kluang,bumi_malay,13.5
30-34,both,2020-01-01,Johor,Kluang,bumi_other,0.4
30-34,both,2020-01-01,Johor,Kluang,chinese,7.1
30-34,both,2020-01-01,Johor,Kluang,indian,1.9
30-34,both,2020-01-01,Johor,Kluang,other_citizen,0.1
30-34,both,2020-01-01,Johor,Kluang,other_noncitizen,5.0
35-39,both,2020-01-01,Johor,Kluang,overall,26.1
35-39,both,2020-01-01,Johor,Kluang,bumi_malay,12.9
35-39,both,2020-01-01,Johor,Kluang,bumi_other,0.5
35-39,both,2020-01-01,Johor,Kluang,chinese,7.0
35-39,both,2020-01-01,Johor,Kluang,indian,2.2
35-39,both,2020-01-01,Johor,Kluang,other_citizen,0.0
35-39,both,2020-01-01,Johor,Kluang,other_noncitizen,3.5
40-44,both,2020-01-01,Johor,Kluang,overall,21.2
40-44,both,2020-01-01,Johor,Kluang,bumi_malay,9.9
40-44,both,2020-01-01,Johor,Kluang,bumi_other,0.4
40-44,both,2020-01-01,Johor,Kluang,chinese,6.6
40-44,both,2020-01-01,Johor,Kluang,indian,2.0
40-44,both,2020-01-01,Johor,Kluang,other_citizen,0.1
40-44,both,2020-01-01,Johor,Kluang,other_noncitizen,2.3
45-49,both,2020-01-01,Johor,Kluang,overall,19.0
45-49,both,2020-01-01,Johor,Kluang,bumi_malay,8.9
45-49,both,2020-01-01,Johor,Kluang,bumi_other,0.3
45-49,both,2020-01-01,Johor,Kluang,chinese,6.4
45-49,both,2020-01-01,Johor,Kluang,indian,1.6
45-49,both,2020-01-01,Johor,Kluang,other_citizen,0.1
45-49,both,2020-01-01,Johor,Kluang,other_noncitizen,1.6
50-54,both,2020-01-01,Johor,Kluang,overall,17.0
50-54,both,2020-01-01,Johor,Kluang,bumi_malay,8.3
50-54,both,2020-01-01,Johor,Kluang,bumi_other,0.2
50-54,both,2020-01-01,Johor,Kluang,chinese,5.9
50-54,both,2020-01-01,Johor,Kluang,indian,1.4
